cidade,estado,uf,latitude,longitude
Brasília,DISTRITO FEDERAL,DF,-15.7795,-47.9297
Afonso Cláudio,ESPÍRITO SANTO,ES,-20.0778,-41.1261
Cachoeiro de Itapemirim,ESPÍRITO SANTO,ES,-20.8462,-41.1198
Cariacica,ESPÍRITO SANTO,ES,-20.2632,-40.4165
Domingos Martins,ESPÍRITO SANTO,ES,-20.3603,-40.6594
Linhares,ESPÍRITO SANTO,ES,-19.3946,-40.0643
Marechal Floriano,ESPÍRITO SANTO,ES,-20.4159,-40.67
Serra,ESPÍRITO SANTO,ES,-20.121,-40.3074
São Mateus,ESPÍRITO SANTO,ES,-18.7214,-39.8579
Venda Nova do Imigrante,ESPÍRITO SANTO,ES,-20.327,-41.1355
Vila Pavão,ESPÍRITO SANTO,ES,-18.6091,-40.609
Vila Velha,ESPÍRITO SANTO,ES,-20.3417,-40.2875
Vitória,ESPÍRITO SANTO,ES,-20.3155,-40.3128
Abadiânia,GOIAS,GO,-16.197,-48.7057
Acreúna,GOIAS,GO,-17.396,-50.3749
Alexânia,GOIAS,GO,-16.0834,-48.5076
Anápolis,GOIAS,GO,-16.3281,-48.953
Aparecida de Goiânia,GOIAS,GO,-16.8198,-49.2469
Aragarças,GOIAS,GO,-15.8955,-52.2372
Arenópolis,GOIAS,GO,-16.3837,-51.5563
Bom Jardim de Goiás,GOIAS,GO,-16.2063,-52.1728
Bom Jesus de Goiás,GOIAS,GO,-18.2173,-49.74
Caldas Novas,GOIAS,GO,-17.7441,-48.6246
Campo Alegre de Goiás,GOIAS,GO,-17.6363,-47.7768
Catalão,GOIAS,GO,-18.1656,-47.944
Caçu,GOIAS,GO,-18.5594,-51.1328
Ceres,GOIAS,GO,-15.3061,-49.6
Cocalzinho de Goiás,GOIAS,GO,-15.7914,-48.7747
Cristalina,GOIAS,GO,-16.7676,-47.6131
Estrela do Norte,GOIAS,GO,-13.8665,-49.0716
Formosa,GOIAS,GO,-15.54,-47.337
Goianira,GOIAS,GO,-16.4947,-49.427
Goianésia,GOIAS,GO,-15.3118,-49.1162
Goiânia,GOIAS,GO,-16.6864,-49.2643
Inaciolândia,GOIAS,GO,-18.4869,-49.9888
Indiara,GOIAS,GO,-17.1387,-49.9862
Inhumas,GOIAS,GO,-16.3611,-49.5001
Ipameri,GOIAS,GO,-17.7215,-48.1581
Iporá,GOIAS,GO,-16.4398,-51.118
Itaberaí,GOIAS,GO,-16.0206,-49.806
Itaguari,GOIAS,GO,-15.918,-49.6071
Itapaci,GOIAS,GO,-14.9522,-49.5511
Itauçu,GOIAS,GO,-16.2029,-49.6109
Itumbiara,GOIAS,GO,-18.4093,-49.2158
Jaraguá,GOIAS,GO,-15.7529,-49.3344
Jataí,GOIAS,GO,-17.8784,-51.7204
Jussara,GOIAS,GO,-15.8659,-50.8668
Luziânia,GOIAS,GO,-16.253,-47.95
Mara Rosa,GOIAS,GO,-14.0148,-49.1777
Maurilândia,GOIAS,GO,-17.9719,-50.3388
Mineiros,GOIAS,GO,-17.5654,-52.5537
Montes Claros de Goiás,GOIAS,GO,-16.0059,-51.3979
Morrinhos,GOIAS,GO,-17.7334,-49.1059
Nova Glória,GOIAS,GO,-15.145,-49.5737
Nova Iguaçu de Goiás,GOIAS,GO,-14.2868,-49.3872
Orizona,GOIAS,GO,-17.0334,-48.2964
Piranhas,GOIAS,GO,-16.4258,-51.8235
Pirenópolis,GOIAS,GO,-15.8507,-48.9584
Pires do Rio,GOIAS,GO,-17.3019,-48.2768
Planaltina,GOIAS,GO,-15.452,-47.6089
Porangatu,GOIAS,GO,-13.4391,-49.1503
Quirinópolis,GOIAS,GO,-18.4472,-50.4547
Rialma,GOIAS,GO,-15.3145,-49.5814
Rianápolis,GOIAS,GO,-15.4456,-49.5114
Rio Verde,GOIAS,GO,-17.7923,-50.9192
Santa Bárbara de Goiás,GOIAS,GO,-16.5714,-49.6954
Santa Helena de Goiás,GOIAS,GO,-17.8115,-50.5977
Santa Tereza de Goiás,GOIAS,GO,-13.7138,-49.0144
Santa Terezinha de Goiás,GOIAS,GO,-14.4326,-49.7091
São Luiz do Norte,GOIAS,GO,-14.8608,-49.3285
São Luís de Montes Belos,GOIAS,GO,-16.5211,-50.3726
São Simão,GOIAS,GO,-18.996,-50.547
Trindade,GOIAS,GO,-16.6517,-49.4927
Uruana,GOIAS,GO,-15.4993,-49.6861
Uruaçu,GOIAS,GO,-14.5238,-49.1396
Valparaíso de Goiás,GOIAS,GO,-16.0651,-47.9757
Águas Lindas de Goiás,GOIAS,GO,-15.7617,-48.2816
Barra do Corda,MARANHÃO,MA,-5.49682,-45.2485
Estreito,MARANHÃO,MA,-6.56077,-47.4431
Grajaú,MARANHÃO,MA,-5.81367,-46.1462
Imperatriz,MARANHÃO,MA,-5.51847,-47.4777
Alfenas,MINAS GERAIS,MG,-21.4256,-45.9477
Andradas,MINAS GERAIS,MG,-22.0695,-46.5724
Araguari,MINAS GERAIS,MG,-18.6456,-48.1934
Araújos,MINAS GERAIS,MG,-19.9405,-45.1671
Arcos,MINAS GERAIS,MG,-20.2863,-45.5373
Areado,MINAS GERAIS,MG,-21.3572,-46.1421
Baependi,MINAS GERAIS,MG,-21.957,-44.8874
Barbacena,MINAS GERAIS,MG,-21.2214,-43.7703
Belo Horizonte,MINAS GERAIS,MG,-19.9102,-43.9266
Betim,MINAS GERAIS,MG,-19.9668,-44.2008
Boa Esperança,MINAS GERAIS,MG,-21.0927,-45.5612
Bom Despacho,MINAS GERAIS,MG,-19.7386,-45.2622
Botelhos,MINAS GERAIS,MG,-21.6412,-46.391
Cambuí,MINAS GERAIS,MG,-22.6115,-46.0572
Campina Verde,MINAS GERAIS,MG,-19.5382,-49.4862
Campo Belo,MINAS GERAIS,MG,-20.8932,-45.2699
Candeias,MINAS GERAIS,MG,-20.7692,-45.2765
Congonhas,MINAS GERAIS,MG,-20.4958,-43.851
Conselheiro Lafaiete,MINAS GERAIS,MG,-20.6634,-43.7846
Contagem,MINAS GERAIS,MG,-19.9321,-44.0539
Divinópolis,MINAS GERAIS,MG,-20.1446,-44.8912
Extrema,MINAS GERAIS,MG,-22.854,-46.3178
Fervedouro,MINAS GERAIS,MG,-20.726,-42.279
Formiga,MINAS GERAIS,MG,-20.4618,-45.4268
Frutal,MINAS GERAIS,MG,-20.0259,-48.9355
Guaxupé,MINAS GERAIS,MG,-21.305,-46.7081
Itajubá,MINAS GERAIS,MG,-22.4225,-45.4598
Itamogi,MINAS GERAIS,MG,-21.0758,-47.046
Itaúna,MINAS GERAIS,MG,-20.0818,-44.5801
Ituiutaba,MINAS GERAIS,MG,-18.9772,-49.4639
Iturama,MINAS GERAIS,MG,-19.7276,-50.1966
Juatuba,MINAS GERAIS,MG,-19.9448,-44.3451
Juiz de Fora,MINAS GERAIS,MG,-21.7595,-43.3398
Juruaia,MINAS GERAIS,MG,-21.2493,-46.5735
Lagoa Santa,MINAS GERAIS,MG,-19.6397,-43.8932
Lagoa da Prata,MINAS GERAIS,MG,-20.0237,-45.5401
Lavras,MINAS GERAIS,MG,-21.248,-45.0009
Lima Duarte,MINAS GERAIS,MG,-21.8386,-43.7934
Machado,MINAS GERAIS,MG,-21.6778,-45.9219
Manhuaçu,MINAS GERAIS,MG,-20.2572,-42.028
Mateus Leme,MINAS GERAIS,MG,-19.9794,-44.4318
Miradouro,MINAS GERAIS,MG,-20.8899,-42.3458
Moema,MINAS GERAIS,MG,-19.8387,-45.4127
Muriaé,MINAS GERAIS,MG,-21.13,-42.3693
Nova Lima,MINAS GERAIS,MG,-19.9758,-43.8509
Nova Serrana,MINAS GERAIS,MG,-19.8713,-44.9847
Oliveira,MINAS GERAIS,MG,-20.6982,-44.829
Orizânia,MINAS GERAIS,MG,-20.5142,-42.1991
Ouro Fino,MINAS GERAIS,MG,-22.2779,-46.3716
Perdigão,MINAS GERAIS,MG,-19.9411,-45.078
Perdões,MINAS GERAIS,MG,-21.0932,-45.0896
Pouso Alegre,MINAS GERAIS,MG,-22.2266,-45.9389
Poços de Caldas,MINAS GERAIS,MG,-21.78,-46.5692
Prata,MINAS GERAIS,MG,-19.3086,-48.9276
Ribeirão das Neves,MINAS GERAIS,MG,-19.7621,-44.0844
Santa Luzia,MINAS GERAIS,MG,-19.7548,-43.8497
Santo Antônio do Monte,MINAS GERAIS,MG,-20.085,-45.2947
Sete Lagoas,MINAS GERAIS,MG,-19.4569,-44.2413
São Francisco do Glória,MINAS GERAIS,MG,-20.7923,-42.2673
São Gonçalo do Pará,MINAS GERAIS,MG,-19.9822,-44.8593
São Gonçalo do Sapucaí,MINAS GERAIS,MG,-21.8932,-45.5893
São João del Rei,MINAS GERAIS,MG,-21.1311,-44.2526
São João do Manhuaçu,MINAS GERAIS,MG,-20.3933,-42.1533
São Sebastião do Paraíso,MINAS GERAIS,MG,-20.9167,-46.9837
Três Corações,MINAS GERAIS,MG,-21.6921,-45.2511
Três Pontas,MINAS GERAIS,MG,-21.3694,-45.5109
Uberaba,MINAS GERAIS,MG,-19.7472,-47.9381
Uberlândia,MINAS GERAIS,MG,-18.9141,-48.2749
Unaí,MINAS GERAIS,MG,-16.3592,-46.9022
Varginha,MINAS GERAIS,MG,-21.5556,-45.4364
Amambai,MATO GROSSO DO SUL,MS,-23.1058,-55.2253
Bandeirantes,MATO GROSSO DO SUL,MS,-19.9275,-54.3585
Caarapó,MATO GROSSO DO SUL,MS,-22.6368,-54.8209
Campo Grande,MATO GROSSO DO SUL,MS,-20.4486,-54.6295
Coxim,MATO GROSSO DO SUL,MS,-18.5013,-54.751
Deodápolis,MATO GROSSO DO SUL,MS,-22.2763,-54.1682
Dourados,MATO GROSSO DO SUL,MS,-22.2231,-54.812
Eldorado,MATO GROSSO DO SUL,MS,-23.7868,-54.2838
Fátima do Sul,MATO GROSSO DO SUL,MS,-22.3789,-54.5131
Iguatemi,MATO GROSSO DO SUL,MS,-23.6736,-54.5637
Itaporã,MATO GROSSO DO SUL,MS,-22.08,-54.7934
Itaquiraí,MATO GROSSO DO SUL,MS,-23.4779,-54.187
Ivinhema,MATO GROSSO DO SUL,MS,-22.3046,-53.8184
Juti,MATO GROSSO DO SUL,MS,-22.8596,-54.6061
Maracaju,MATO GROSSO DO SUL,MS,-21.6105,-55.1678
Mundo Novo,MATO GROSSO DO SUL,MS,-23.9355,-54.281
Naviraí,MATO GROSSO DO SUL,MS,-23.0618,-54.1995
Nova Alvorada do Sul,MATO GROSSO DO SUL,MS,-21.4657,-54.3825
Nova Andradina,MATO GROSSO DO SUL,MS,-22.238,-53.3437
Pedro Gomes,MATO GROSSO DO SUL,MS,-18.0996,-54.5507
Rio Brilhante,MATO GROSSO DO SUL,MS,-21.8033,-54.5427
Rio Verde de Mato Grosso,MATO GROSSO DO SUL,MS,-18.9249,-54.8434
Sidrolândia,MATO GROSSO DO SUL,MS,-20.9302,-54.9692
Sonora,MATO GROSSO DO SUL,MS,-17.5698,-54.7551
São Gabriel do Oeste,MATO GROSSO DO SUL,MS,-19.3889,-54.5507
Alta Floresta,MATO GROSSO,MT,-9.86674,-56.0867
Araputanga,MATO GROSSO,MT,-15.4641,-58.3425
Arenápolis,MATO GROSSO,MT,-14.4472,-56.8437
Barra do Bugres,MATO GROSSO,MT,-15.0702,-57.1878
Barra do Garças,MATO GROSSO,MT,-15.8804,-52.264
Brasnorte,MATO GROSSO,MT,-12.1474,-57.9833
Campo Novo do Parecis,MATO GROSSO,MT,-13.6587,-57.8907
Campo Verde,MATO GROSSO,MT,-15.545,-55.1626
Campos de Júlio,MATO GROSSO,MT,-13.7242,-59.2858
Canarana,MATO GROSSO,MT,-13.5515,-52.2705
Cláudia,MATO GROSSO,MT,-11.5075,-54.8835
Colíder,MATO GROSSO,MT,-10.8135,-55.461
Comodoro,MATO GROSSO,MT,-13.6614,-59.7848
Confresa,MATO GROSSO,MT,-10.6437,-51.5699
Conquista D'Oeste,MATO GROSSO,MT,-14.5381,-59.5444
Cuiabá,MATO GROSSO,MT,-15.601,-56.0974
Cáceres,MATO GROSSO,MT,-16.0764,-57.6818
Diamantino,MATO GROSSO,MT,-14.4037,-56.4366
Feliz Natal,MATO GROSSO,MT,-12.385,-54.9227
Guarantã do Norte,MATO GROSSO,MT,-9.96218,-54.9121
Jaciara,MATO GROSSO,MT,-15.9548,-54.9733
Jauru,MATO GROSSO,MT,-15.3342,-58.8723
Juara,MATO GROSSO,MT,-11.2639,-57.5244
Juscimeira,MATO GROSSO,MT,-16.0633,-54.8859
Juína,MATO GROSSO,MT,-11.3728,-58.7483
Lucas do Rio Verde,MATO GROSSO,MT,-13.0588,-55.9042
Marcelândia,MATO GROSSO,MT,-11.0463,-54.4377
Matupá,MATO GROSSO,MT,-10.1821,-54.9467
Mirassol d'Oeste,MATO GROSSO,MT,-15.6759,-58.0951
Nobres,MATO GROSSO,MT,-14.7192,-56.3284
Nova Bandeirantes,MATO GROSSO,MT,-9.84977,-57.8139
Nova Canaã do Norte,MATO GROSSO,MT,-10.558,-55.953
Nova Monte Verde,MATO GROSSO,MT,-9.99998,-57.5261
Nova Mutum,MATO GROSSO,MT,-13.8374,-56.0743
Nova Santa Helena,MATO GROSSO,MT,-10.8651,-55.1872
Nova Xavantina,MATO GROSSO,MT,-14.6771,-52.3502
Novo Mundo,MATO GROSSO,MT,-9.95616,-55.2029
Paranaíta,MATO GROSSO,MT,-9.65835,-56.4786
Peixoto de Azevedo,MATO GROSSO,MT,-10.2262,-54.9794
Pontes e Lacerda,MATO GROSSO,MT,-15.2219,-59.3435
Porto Esperidião,MATO GROSSO,MT,-15.857,-58.4619
Poxoréu,MATO GROSSO,MT,-15.8299,-54.4208
Primavera do Leste,MATO GROSSO,MT,-15.544,-54.2811
Querência,MATO GROSSO,MT,-12.6093,-52.1821
Rondonópolis,MATO GROSSO,MT,-16.4673,-54.6372
Rosário Oeste,MATO GROSSO,MT,-14.8259,-56.4236
Sapezal,MATO GROSSO,MT,-12.9892,-58.7645
Sinop,MATO GROSSO,MT,-11.8604,-55.5091
Sorriso,MATO GROSSO,MT,-12.5425,-55.7211
São José do Rio Claro,MATO GROSSO,MT,-13.4398,-56.7218
São José dos Quatro Marcos,MATO GROSSO,MT,-15.6276,-58.1772
Tangará da Serra,MATO GROSSO,MT,-14.6229,-57.4933
Terra Nova do Norte,MATO GROSSO,MT,-10.517,-55.231
Vila Rica,MATO GROSSO,MT,-10.0137,-51.1186
Várzea Grande,MATO GROSSO,MT,-15.6458,-56.1322
Água Boa,MATO GROSSO,MT,-14.051,-52.1601
Ananindeua,PARÁ,PA,-1.36391,-48.3743
Barcarena,PARÁ,PA,-1.51187,-48.6195
Belém,PARÁ,PA,-1.4554,-48.4898
Breu Branco,PARÁ,PA,-3.77191,-49.5735
Capanema,PARÁ,PA,-1.20529,-47.1778
Castanhal,PARÁ,PA,-1.29797,-47.9167
Dom Eliseu,PARÁ,PA,-4.19944,-47.8245
Marabá,PARÁ,PA,-5.38075,-49.1327
Paragominas,PARÁ,PA,-3.00212,-47.3527
Parauapebas,PARÁ,PA,-6.06781,-49.9037
Redenção,PARÁ,PA,-8.02529,-50.0317
Xinguara,PARÁ,PA,-7.0983,-49.9437
Almirante Tamandaré,PARANÁ,PR,-25.3188,-49.3037
Alto Paraná,PARANÁ,PR,-23.1312,-52.3189
Ampére,PARANÁ,PR,-25.9168,-53.4686
Apucarana,PARANÁ,PR,-23.55,-51.4635
Arapongas,PARANÁ,PR,-23.4153,-51.4259
Arapoti,PARANÁ,PR,-24.1548,-49.8285
Araucária,PARANÁ,PR,-25.5859,-49.4047
Assis Chateaubriand,PARANÁ,PR,-24.4168,-53.5213
Bandeirantes,PARANÁ,PR,-23.1078,-50.3704
Borrazópolis,PARANÁ,PR,-23.9366,-51.5875
Cambé,PARANÁ,PR,-23.2766,-51.2798
Campina Grande do Sul,PARANÁ,PR,-25.3044,-49.0551
Campo Largo,PARANÁ,PR,-25.4525,-49.529
Campo Magro,PARANÁ,PR,-25.3687,-49.4501
Campo Mourão,PARANÁ,PR,-24.0463,-52.378
Cantagalo,PARANÁ,PR,-25.3734,-52.1198
Carambeí,PARANÁ,PR,-24.9152,-50.0986
Cascavel,PARANÁ,PR,-24.9573,-53.459
Castro,PARANÁ,PR,-24.7891,-50.0108
Chopinzinho,PARANÁ,PR,-25.8515,-52.5173
Cianorte,PARANÁ,PR,-23.6599,-52.6054
Cidade Gaúcha,PARANÁ,PR,-23.3772,-52.9436
Clevelândia,PARANÁ,PR,-26.4043,-52.3508
Colombo,PARANÁ,PR,-25.2925,-49.2262
Corbélia,PARANÁ,PR,-24.7971,-53.3006
Cornélio Procópio,PARANÁ,PR,-23.1829,-50.6498
Coronel Vivida,PARANÁ,PR,-25.9767,-52.5641
Curitiba,PARANÁ,PR,-25.4195,-49.2646
Dois Vizinhos,PARANÁ,PR,-25.7407,-53.057
Engenheiro Beltrão,PARANÁ,PR,-23.797,-52.2659
Fazenda Rio Grande,PARANÁ,PR,-25.6624,-49.3073
Figueira,PARANÁ,PR,-23.8455,-50.4031
Francisco Beltrão,PARANÁ,PR,-26.0817,-53.0535
Goioerê,PARANÁ,PR,-24.1835,-53.0248
Guaraniaçu,PARANÁ,PR,-25.0968,-52.8755
Guarapuava,PARANÁ,PR,-25.3902,-51.4623
Honório Serpa,PARANÁ,PR,-26.139,-52.3848
Ibaiti,PARANÁ,PR,-23.8478,-50.1932
Imbituva,PARANÁ,PR,-25.2285,-50.5989
Iporã,PARANÁ,PR,-24.0083,-53.706
Irati,PARANÁ,PR,-25.4697,-50.6493
Ivaiporã,PARANÁ,PR,-24.2485,-51.6754
Jacarezinho,PARANÁ,PR,-23.1591,-49.9739
Jaguariaíva,PARANÁ,PR,-24.2439,-49.7066
Jandaia do Sul,PARANÁ,PR,-23.6011,-51.6448
Lapa,PARANÁ,PR,-25.7671,-49.7168
Laranjeiras do Sul,PARANÁ,PR,-25.4077,-52.4109
Loanda,PARANÁ,PR,-22.9232,-53.1362
Londrina,PARANÁ,PR,-23.304,-51.1691
Mandaguari,PARANÁ,PR,-23.5446,-51.671
Mandaguaçu,PARANÁ,PR,-23.3458,-52.0944
Mandirituba,PARANÁ,PR,-25.777,-49.3282
Manoel Ribas,PARANÁ,PR,-24.5144,-51.6658
Marechal Cândido Rondon,PARANÁ,PR,-24.557,-54.0571
Marialva,PARANÁ,PR,-23.4843,-51.7928
Maringá,PARANÁ,PR,-23.4205,-51.9333
Marquinho,PARANÁ,PR,-25.112,-52.2497
Medianeira,PARANÁ,PR,-25.2977,-54.0943
Nova Londrina,PARANÁ,PR,-22.7639,-52.9868
Ortigueira,PARANÁ,PR,-24.2058,-50.9185
Paiçandu,PARANÁ,PR,-23.4555,-52.046
Palmas,PARANÁ,PR,-26.4839,-51.9888
Palmeira,PARANÁ,PR,-25.4257,-50.007
Palmital,PARANÁ,PR,-24.8853,-52.2029
Palotina,PARANÁ,PR,-24.2868,-53.8404
Paranavaí,PARANÁ,PR,-23.0816,-52.4617
Pato Branco,PARANÁ,PR,-26.2292,-52.6706
Pinhais,PARANÁ,PR,-25.4429,-49.1927
Piraquara,PARANÁ,PR,-25.4422,-49.0624
Piraí do Sul,PARANÁ,PR,-24.5306,-49.9433
Pitanga,PARANÁ,PR,-24.7588,-51.7596
Ponta Grossa,PARANÁ,PR,-25.0916,-50.1668
Prudentópolis,PARANÁ,PR,-25.2111,-50.9754
Realeza,PARANÁ,PR,-25.7711,-53.526
Rio Negro,PARANÁ,PR,-26.095,-49.7982
Rolândia,PARANÁ,PR,-23.3101,-51.3659
Santa Tereza do Oeste,PARANÁ,PR,-25.0543,-53.6274
Santo Antônio da Platina,PARANÁ,PR,-23.2959,-50.0815
Sarandi,PARANÁ,PR,-23.4441,-51.876
Sertanópolis,PARANÁ,PR,-23.0571,-51.0399
Siqueira Campos,PARANÁ,PR,-23.6875,-49.8304
São Jorge do Ivaí,PARANÁ,PR,-23.4336,-52.2929
São José dos Pinhais,PARANÁ,PR,-25.5313,-49.2031
São João do Ivaí,PARANÁ,PR,-23.9833,-51.8215
São Mateus do Sul,PARANÁ,PR,-25.8677,-50.384
São Pedro do Ivaí,PARANÁ,PR,-23.8634,-51.8568
Telêmaco Borba,PARANÁ,PR,-24.3245,-50.6176
Tibagi,PARANÁ,PR,-24.5153,-50.4176
Toledo,PARANÁ,PR,-24.7246,-53.7412
Tomazina,PARANÁ,PR,-23.7796,-49.9499
Turvo,PARANÁ,PR,-25.0437,-51.5282
Ubiratã,PARANÁ,PR,-24.5393,-52.9865
Umuarama,PARANÁ,PR,-23.7656,-53.3201
União da Vitória,PARANÁ,PR,-26.2273,-51.0873
Wenceslau Braz,PARANÁ,PR,-23.8742,-49.8032
Rio de Janeiro,RIO DE JANEIRO,RJ,-22.9129,-43.2003
Alta Floresta D'Oeste,RONDÔNIA,RO,-11.9283,-61.9953
Alto Alegre dos Parecis,RONDÔNIA,RO,-12.132,-61.835
Ariquemes,RONDÔNIA,RO,-9.90571,-63.0325
Cacoal,RONDÔNIA,RO,-11.4343,-61.4562
Candeias do Jamari,RONDÔNIA,RO,-8.7907,-63.7005
Cerejeiras,RONDÔNIA,RO,-13.187,-60.8168
Colorado do Oeste,RONDÔNIA,RO,-13.1174,-60.5454
Espigão D'Oeste,RONDÔNIA,RO,-11.5266,-61.0252
Governador Jorge Teixeira,RONDÔNIA,RO,-10.61,-62.7371
Itapuã do Oeste,RONDÔNIA,RO,-9.19687,-63.1809
Jaru,RONDÔNIA,RO,-10.4318,-62.4788
Ji-Paraná,RONDÔNIA,RO,-10.8777,-61.9322
Monte Negro,RONDÔNIA,RO,-10.2458,-63.29
Nova Brasilândia D'Oeste,RONDÔNIA,RO,-11.7247,-62.3127
Novo Horizonte do Oeste,RONDÔNIA,RO,-11.6961,-61.9951
Ouro Preto do Oeste,RONDÔNIA,RO,-10.7167,-62.2565
Pimenta Bueno,RONDÔNIA,RO,-11.672,-61.198
Porto Velho,RONDÔNIA,RO,-8.76077,-63.8999
Presidente Médici,RONDÔNIA,RO,-11.169,-61.8986
Rolim de Moura,RONDÔNIA,RO,-11.7271,-61.7714
Seringueiras,RONDÔNIA,RO,-11.8055,-63.0182
São Francisco do Guaporé,RONDÔNIA,RO,-12.052,-63.568
São Miguel do Guaporé,RONDÔNIA,RO,-11.6953,-62.7192
Vilhena,RONDÔNIA,RO,-12.7502,-60.1488
Agudo,RIO GRANDE DO SUL,RS,-29.6447,-53.2515
Alegrete,RIO GRANDE DO SUL,RS,-29.7902,-55.7949
Antônio Prado,RIO GRANDE DO SUL,RS,-28.8565,-51.2883
Araricá,RIO GRANDE DO SUL,RS,-29.6168,-50.9291
Aratiba,RIO GRANDE DO SUL,RS,-27.3978,-52.2975
Arroio do Meio,RIO GRANDE DO SUL,RS,-29.4014,-51.9557
Arroio do Tigre,RIO GRANDE DO SUL,RS,-29.3348,-53.0966
Arroio dos Ratos,RIO GRANDE DO SUL,RS,-30.0875,-51.7275
Arvorezinha,RIO GRANDE DO SUL,RS,-28.8737,-52.1781
Barros Cassal,RIO GRANDE DO SUL,RS,-29.0947,-52.5836
Bento Gonçalves,RIO GRANDE DO SUL,RS,-29.1662,-51.5165
Bom Princípio,RIO GRANDE DO SUL,RS,-29.4856,-51.3548
Bom Retiro do Sul,RIO GRANDE DO SUL,RS,-29.6071,-51.9456
Cachoeira do Sul,RIO GRANDE DO SUL,RS,-30.033,-52.8928
Camaquã,RIO GRANDE DO SUL,RS,-30.8489,-51.8043
Campo Bom,RIO GRANDE DO SUL,RS,-29.6747,-51.0606
Candelária,RIO GRANDE DO SUL,RS,-29.6684,-52.7895
Canela,RIO GRANDE DO SUL,RS,-29.356,-50.8119
Canguçu,RIO GRANDE DO SUL,RS,-31.396,-52.6783
Canoas,RIO GRANDE DO SUL,RS,-29.9128,-51.1857
Capão da Canoa,RIO GRANDE DO SUL,RS,-29.7642,-50.0282
Capão do Leão,RIO GRANDE DO SUL,RS,-31.7565,-52.4889
Carazinho,RIO GRANDE DO SUL,RS,-28.2958,-52.7933
Carlos Barbosa,RIO GRANDE DO SUL,RS,-29.2969,-51.5028
Casca,RIO GRANDE DO SUL,RS,-28.5605,-51.9815
Caxias do Sul,RIO GRANDE DO SUL,RS,-29.1629,-51.1792
Caçapava do Sul,RIO GRANDE DO SUL,RS,-30.5144,-53.4827
Cerro Largo,RIO GRANDE DO SUL,RS,-28.1463,-54.7428
Chapada,RIO GRANDE DO SUL,RS,-28.0559,-53.0665
Charqueadas,RIO GRANDE DO SUL,RS,-29.9625,-51.6289
Constantina,RIO GRANDE DO SUL,RS,-27.732,-52.9938
Crissiumal,RIO GRANDE DO SUL,RS,-27.4999,-54.0994
Cruz Alta,RIO GRANDE DO SUL,RS,-28.645,-53.6048
Cruzeiro do Sul,RIO GRANDE DO SUL,RS,-29.5148,-51.9928
Dois Irmãos,RIO GRANDE DO SUL,RS,-29.5836,-51.0898
Dona Francisca,RIO GRANDE DO SUL,RS,-29.6195,-53.3617
Eldorado do Sul,RIO GRANDE DO SUL,RS,-30.0847,-51.6187
Encantado,RIO GRANDE DO SUL,RS,-29.2351,-51.8703
Encruzilhada do Sul,RIO GRANDE DO SUL,RS,-30.543,-52.5204
Erechim,RIO GRANDE DO SUL,RS,-27.6364,-52.2697
Erval Seco,RIO GRANDE DO SUL,RS,-27.5443,-53.5005
Esteio,RIO GRANDE DO SUL,RS,-29.852,-51.1841
Estância Velha,RIO GRANDE DO SUL,RS,-29.6535,-51.1843
Farroupilha,RIO GRANDE DO SUL,RS,-29.2227,-51.3419
Faxinal do Soturno,RIO GRANDE DO SUL,RS,-29.5788,-53.4484
Flores da Cunha,RIO GRANDE DO SUL,RS,-29.0261,-51.1875
Fontoura Xavier,RIO GRANDE DO SUL,RS,-28.9817,-52.3445
Frederico Westphalen,RIO GRANDE DO SUL,RS,-27.3586,-53.3958
Garibaldi,RIO GRANDE DO SUL,RS,-29.259,-51.5352
Getúlio Vargas,RIO GRANDE DO SUL,RS,-27.8911,-52.2294
Gramado,RIO GRANDE DO SUL,RS,-29.3734,-50.8762
Gravataí,RIO GRANDE DO SUL,RS,-29.9413,-50.9869
Guaporé,RIO GRANDE DO SUL,RS,-28.8399,-51.8895
Guaíba,RIO GRANDE DO SUL,RS,-30.1086,-51.3233
Horizontina,RIO GRANDE DO SUL,RS,-27.6282,-54.3053
Humaitá,RIO GRANDE DO SUL,RS,-27.5691,-53.9695
Ibiraiaras,RIO GRANDE DO SUL,RS,-28.3741,-51.6377
Ibirubá,RIO GRANDE DO SUL,RS,-28.6302,-53.0961
Igrejinha,RIO GRANDE DO SUL,RS,-29.5693,-50.7919
Ijuí,RIO GRANDE DO SUL,RS,-28.388,-53.92
Ilópolis,RIO GRANDE DO SUL,RS,-28.9282,-52.1258
Imbé,RIO GRANDE DO SUL,RS,-29.9753,-50.1281
Ivoti,RIO GRANDE DO SUL,RS,-29.5995,-51.1533
Jaguari,RIO GRANDE DO SUL,RS,-29.4936,-54.703
Júlio de Castilhos,RIO GRANDE DO SUL,RS,-29.2299,-53.6772
Lagoa Vermelha,RIO GRANDE DO SUL,RS,-28.2093,-51.5248
Lajeado,RIO GRANDE DO SUL,RS,-29.4591,-51.9644
Machadinho,RIO GRANDE DO SUL,RS,-27.5667,-51.6668
Maquiné,RIO GRANDE DO SUL,RS,-29.6798,-50.2079
Marau,RIO GRANDE DO SUL,RS,-28.4498,-52.1986
Maximiliano de Almeida,RIO GRANDE DO SUL,RS,-27.6325,-51.802
Morro Redondo,RIO GRANDE DO SUL,RS,-31.5887,-52.6261
Nicolau Vergueiro,RIO GRANDE DO SUL,RS,-28.5298,-52.4676
Nova Araçá,RIO GRANDE DO SUL,RS,-28.6537,-51.7458
Nova Bassano,RIO GRANDE DO SUL,RS,-28.7291,-51.7072
Nova Hartz,RIO GRANDE DO SUL,RS,-29.5808,-50.9051
Nova Palma,RIO GRANDE DO SUL,RS,-29.471,-53.4689
Nova Petrópolis,RIO GRANDE DO SUL,RS,-29.3741,-51.1136
Nova Prata,RIO GRANDE DO SUL,RS,-28.7799,-51.6113
Novo Barreiro,RIO GRANDE DO SUL,RS,-27.9077,-53.1103
Novo Hamburgo,RIO GRANDE DO SUL,RS,-29.6875,-51.1328
Não-Me-Toque,RIO GRANDE DO SUL,RS,-28.4548,-52.8182
Osório,RIO GRANDE DO SUL,RS,-29.8881,-50.2667
Paim Filho,RIO GRANDE DO SUL,RS,-27.7075,-51.763
Palmeira das Missões,RIO GRANDE DO SUL,RS,-27.9007,-53.3134
Panambi,RIO GRANDE DO SUL,RS,-28.2833,-53.5023
Paraí,RIO GRANDE DO SUL,RS,-28.5964,-51.7896
Parobé,RIO GRANDE DO SUL,RS,-29.6243,-50.8312
Passo Fundo,RIO GRANDE DO SUL,RS,-28.2576,-52.4091
Pedro Osório,RIO GRANDE DO SUL,RS,-31.8642,-52.8184
Pelotas,RIO GRANDE DO SUL,RS,-31.7649,-52.3371
Porto Alegre,RIO GRANDE DO SUL,RS,-30.0318,-51.2065
Portão,RIO GRANDE DO SUL,RS,-29.7015,-51.2429
Restinga Sêca,RIO GRANDE DO SUL,RS,-29.8188,-53.3807
Rio Grande,RIO GRANDE DO SUL,RS,-32.0349,-52.1071
Rio Pardo,RIO GRANDE DO SUL,RS,-29.988,-52.3711
Rodeio Bonito,RIO GRANDE DO SUL,RS,-27.4742,-53.1706
Ronda Alta,RIO GRANDE DO SUL,RS,-27.7758,-52.8056
Rosário do Sul,RIO GRANDE DO SUL,RS,-30.2515,-54.9221
Saldanha Marinho,RIO GRANDE DO SUL,RS,-28.3941,-53.097
Sananduva,RIO GRANDE DO SUL,RS,-27.947,-51.8079
Santa Cruz do Sul,RIO GRANDE DO SUL,RS,-29.722,-52.4343
Santa Maria,RIO GRANDE DO SUL,RS,-29.6868,-53.8149
Santa Rosa,RIO GRANDE DO SUL,RS,-27.8702,-54.4796
Santiago,RIO GRANDE DO SUL,RS,-29.1897,-54.8666
Santo Antônio da Patrulha,RIO GRANDE DO SUL,RS,-29.8268,-50.5175
Santo Expedito do Sul,RIO GRANDE DO SUL,RS,-27.9074,-51.6434
Santo Ângelo,RIO GRANDE DO SUL,RS,-28.3001,-54.2668
Sapiranga,RIO GRANDE DO SUL,RS,-29.6349,-51.0064
Sarandi,RIO GRANDE DO SUL,RS,-27.942,-52.9231
Selbach,RIO GRANDE DO SUL,RS,-28.6294,-52.9498
Serafina Corrêa,RIO GRANDE DO SUL,RS,-28.7126,-51.9352
Sertão,RIO GRANDE DO SUL,RS,-27.9798,-52.2588
Sobradinho,RIO GRANDE DO SUL,RS,-29.4194,-53.0326
Soledade,RIO GRANDE DO SUL,RS,-28.8306,-52.5131
São Francisco de Assis,RIO GRANDE DO SUL,RS,-29.5547,-55.1253
São Francisco de Paula,RIO GRANDE DO SUL,RS,-29.4404,-50.5828
São Gabriel,RIO GRANDE DO SUL,RS,-30.3337,-54.3217
São Jerônimo,RIO GRANDE DO SUL,RS,-29.9716,-51.7251
São José do Ouro,RIO GRANDE DO SUL,RS,-27.7707,-51.5966
São João da Urtiga,RIO GRANDE DO SUL,RS,-27.8195,-51.8257
São Leopoldo,RIO GRANDE DO SUL,RS,-29.7545,-51.1498
São Lourenço do Sul,RIO GRANDE DO SUL,RS,-31.3564,-51.9715
São Luiz Gonzaga,RIO GRANDE DO SUL,RS,-28.412,-54.9559
São Pedro do Sul,RIO GRANDE DO SUL,RS,-29.6202,-54.1855
São Sebastião do Caí,RIO GRANDE DO SUL,RS,-29.5885,-51.3749
São Sepé,RIO GRANDE DO SUL,RS,-30.1643,-53.5603
Tapejara,RIO GRANDE DO SUL,RS,-28.0652,-52.0097
Tapera,RIO GRANDE DO SUL,RS,-28.6277,-52.8613
Tapes,RIO GRANDE DO SUL,RS,-30.6683,-51.3991
Taquara,RIO GRANDE DO SUL,RS,-29.6505,-50.7753
Tenente Portela,RIO GRANDE DO SUL,RS,-27.3711,-53.7585
Terra de Areia,RIO GRANDE DO SUL,RS,-29.5782,-50.0644
Teutônia,RIO GRANDE DO SUL,RS,-29.4482,-51.8044
Tio Hugo,RIO GRANDE DO SUL,RS,-28.5712,-52.5955
Torres,RIO GRANDE DO SUL,RS,-29.3334,-49.7333
Tramandaí,RIO GRANDE DO SUL,RS,-29.9841,-50.1322
Trindade do Sul,RIO GRANDE DO SUL,RS,-27.5239,-52.8956
Três Coroas,RIO GRANDE DO SUL,RS,-29.5137,-50.7739
Três Passos,RIO GRANDE DO SUL,RS,-27.4555,-53.9296
Três de Maio,RIO GRANDE DO SUL,RS,-27.78,-54.2357
Tucunduva,RIO GRANDE DO SUL,RS,-27.6573,-54.4439
Tupanciretã,RIO GRANDE DO SUL,RS,-29.0858,-53.8445
Vacaria,RIO GRANDE DO SUL,RS,-28.5079,-50.9418
Venâncio Aires,RIO GRANDE DO SUL,RS,-29.6143,-52.1932
Vera Cruz,RIO GRANDE DO SUL,RS,-29.7184,-52.5152
Veranópolis,RIO GRANDE DO SUL,RS,-28.9312,-51.5516
Viamão,RIO GRANDE DO SUL,RS,-30.0819,-51.0194
Vila Flores,RIO GRANDE DO SUL,RS,-28.8598,-51.5504
Vila Maria,RIO GRANDE DO SUL,RS,-28.5359,-52.1486
Vila Nova do Sul,RIO GRANDE DO SUL,RS,-30.3461,-53.876
Xangri-lá,RIO GRANDE DO SUL,RS,-29.8065,-50.0519
Água Santa,RIO GRANDE DO SUL,RS,-28.1672,-52.031
Abelardo Luz,SANTA CATARINA,SC,-26.5716,-52.3229
Agrolândia,SANTA CATARINA,SC,-27.4087,-49.822
Alfredo Wagner,SANTA CATARINA,SC,-27.7001,-49.3273
Angelina,SANTA CATARINA,SC,-27.5704,-48.9879
Anita Garibaldi,SANTA CATARINA,SC,-27.6897,-51.1271
Apiúna,SANTA CATARINA,SC,-27.0375,-49.3885
Araranguá,SANTA CATARINA,SC,-28.9356,-49.4918
Armazém,SANTA CATARINA,SC,-28.2448,-49.0215
Balneário Camboriú,SANTA CATARINA,SC,-26.9926,-48.6352
Blumenau,SANTA CATARINA,SC,-26.9155,-49.0709
Braço do Norte,SANTA CATARINA,SC,-28.2681,-49.1701
Brunópolis,SANTA CATARINA,SC,-27.3058,-50.8684
Brusque,SANTA CATARINA,SC,-27.0977,-48.9107
Caibi,SANTA CATARINA,SC,-27.0741,-53.2458
Campo Belo do Sul,SANTA CATARINA,SC,-27.8975,-50.7595
Campo Erê,SANTA CATARINA,SC,-26.3931,-53.0856
Campos Novos,SANTA CATARINA,SC,-27.4002,-51.2276
Canoinhas,SANTA CATARINA,SC,-26.1766,-50.395
Capinzal,SANTA CATARINA,SC,-27.3473,-51.6057
Caçador,SANTA CATARINA,SC,-26.7757,-51.012
Chapecó,SANTA CATARINA,SC,-27.1004,-52.6152
Concórdia,SANTA CATARINA,SC,-27.2335,-52.026
Correia Pinto,SANTA CATARINA,SC,-27.5877,-50.3614
Corupá,SANTA CATARINA,SC,-26.4246,-49.246
Criciúma,SANTA CATARINA,SC,-28.6723,-49.3729
Cunha Porã,SANTA CATARINA,SC,-26.895,-53.1662
Curitibanos,SANTA CATARINA,SC,-27.2824,-50.5816
Dionísio Cerqueira,SANTA CATARINA,SC,-26.2648,-53.6351
Florianópolis,SANTA CATARINA,SC,-27.5945,-48.5477
Forquilhinha,SANTA CATARINA,SC,-28.7454,-49.4785
Fraiburgo,SANTA CATARINA,SC,-27.0233,-50.92
Galvão,SANTA CATARINA,SC,-26.4549,-52.6875
Gaspar,SANTA CATARINA,SC,-26.9336,-48.9534
Guaramirim,SANTA CATARINA,SC,-26.4688,-49.0026
Herval d'Oeste,SANTA CATARINA,SC,-27.1903,-51.4917
Ibirama,SANTA CATARINA,SC,-27.0547,-49.5193
Imbituba,SANTA CATARINA,SC,-28.2284,-48.6659
Indaial,SANTA CATARINA,SC,-26.8992,-49.2354
Iporã do Oeste,SANTA CATARINA,SC,-26.9854,-53.5355
Itaiópolis,SANTA CATARINA,SC,-26.339,-49.9092
Itajaí,SANTA CATARINA,SC,-26.9101,-48.6705
Itapema,SANTA CATARINA,SC,-27.0861,-48.616
Ituporanga,SANTA CATARINA,SC,-27.4101,-49.5963
Içara,SANTA CATARINA,SC,-28.7132,-49.3087
Jaborá,SANTA CATARINA,SC,-27.1782,-51.7279
Jaraguá do Sul,SANTA CATARINA,SC,-26.4851,-49.0713
Joaçaba,SANTA CATARINA,SC,-27.1721,-51.5108
Joinville,SANTA CATARINA,SC,-26.3045,-48.8487
Lages,SANTA CATARINA,SC,-27.815,-50.3259
Luiz Alves,SANTA CATARINA,SC,-26.7151,-48.9322
Mafra,SANTA CATARINA,SC,-26.1159,-49.8086
Major Vieira,SANTA CATARINA,SC,-26.3709,-50.3266
Maravilha,SANTA CATARINA,SC,-26.7665,-53.1737
Massaranduba,SANTA CATARINA,SC,-26.6109,-49.0054
Monte Carlo,SANTA CATARINA,SC,-27.2239,-50.9808
Morro da Fumaça,SANTA CATARINA,SC,-28.6511,-49.2169
Nova Trento,SANTA CATARINA,SC,-27.278,-48.9298
Nova Veneza,SANTA CATARINA,SC,-28.6338,-49.5055
Otacílio Costa,SANTA CATARINA,SC,-27.4789,-50.1231
Palhoça,SANTA CATARINA,SC,-27.6455,-48.6697
Palma Sola,SANTA CATARINA,SC,-26.3471,-53.2771
Palmitos,SANTA CATARINA,SC,-27.0702,-53.1586
Papanduva,SANTA CATARINA,SC,-26.3777,-50.1419
Pinhalzinho,SANTA CATARINA,SC,-26.8495,-52.9913
Pomerode,SANTA CATARINA,SC,-26.7384,-49.1785
Porto União,SANTA CATARINA,SC,-26.2451,-51.0759
Pouso Redondo,SANTA CATARINA,SC,-27.2567,-49.9301
Praia Grande,SANTA CATARINA,SC,-29.1918,-49.9525
Presidente Getúlio,SANTA CATARINA,SC,-27.0474,-49.6246
Rio do Oeste,SANTA CATARINA,SC,-27.1952,-49.7989
Rio do Sul,SANTA CATARINA,SC,-27.2156,-49.643
Romelândia,SANTA CATARINA,SC,-26.6809,-53.3172
Salto Veloso,SANTA CATARINA,SC,-26.903,-51.4043
Seara,SANTA CATARINA,SC,-27.1564,-52.299
Sombrio,SANTA CATARINA,SC,-29.108,-49.6328
São Bento do Sul,SANTA CATARINA,SC,-26.2495,-49.3831
São Domingos,SANTA CATARINA,SC,-26.5548,-52.5313
São Joaquim,SANTA CATARINA,SC,-28.2887,-49.9457
São José,SANTA CATARINA,SC,-27.6136,-48.6366
São José do Cedro,SANTA CATARINA,SC,-26.4561,-53.4955
São João Batista,SANTA CATARINA,SC,-27.2772,-48.8474
São Lourenço do Oeste,SANTA CATARINA,SC,-26.3557,-52.8498
São Miguel do Oeste,SANTA CATARINA,SC,-26.7242,-53.5163
Taió,SANTA CATARINA,SC,-27.121,-49.9942
Tangará,SANTA CATARINA,SC,-27.0996,-51.2473
Tijucas,SANTA CATARINA,SC,-27.2354,-48.6322
Timbó,SANTA CATARINA,SC,-26.8246,-49.269
Timbó Grande,SANTA CATARINA,SC,-26.6127,-50.6607
Treze Tílias,SANTA CATARINA,SC,-27.0026,-51.4084
Trombudo Central,SANTA CATARINA,SC,-27.3033,-49.793
Tubarão,SANTA CATARINA,SC,-28.4713,-49.0144
Turvo,SANTA CATARINA,SC,-28.9272,-49.6831
Urussanga,SANTA CATARINA,SC,-28.518,-49.3238
Vargeão,SANTA CATARINA,SC,-26.8621,-52.1549
Videira,SANTA CATARINA,SC,-27.0086,-51.1543
Witmarsum,SANTA CATARINA,SC,-26.9275,-49.7947
Xanxerê,SANTA CATARINA,SC,-26.8747,-52.4036
Xaxim,SANTA CATARINA,SC,-26.9596,-52.5374
Água Doce,SANTA CATARINA,SC,-26.9985,-51.5528
Adamantina,SÃO PAULO,SP,-21.682,-51.0737
Americana,SÃO PAULO,SP,-22.7374,-47.3331
Andradina,SÃO PAULO,SP,-20.8948,-51.3786
Aparecida,SÃO PAULO,SP,-22.8495,-45.2325
Apiaí,SÃO PAULO,SP,-24.5108,-48.8443
Araraquara,SÃO PAULO,SP,-21.7845,-48.178
Araras,SÃO PAULO,SP,-22.3572,-47.3842
Araçatuba,SÃO PAULO,SP,-21.2076,-50.4401
Artur Nogueira,SÃO PAULO,SP,-22.5727,-47.1727
Arujá,SÃO PAULO,SP,-23.3965,-46.32
Assis,SÃO PAULO,SP,-22.66,-50.4183
Atibaia,SÃO PAULO,SP,-23.1171,-46.5563
Auriflama,SÃO PAULO,SP,-20.6836,-50.5572
Avaré,SÃO PAULO,SP,-23.1067,-48.9251
Bady Bassitt,SÃO PAULO,SP,-20.9197,-49.4385
Barra Bonita,SÃO PAULO,SP,-22.4909,-48.5583
Barretos,SÃO PAULO,SP,-20.5531,-48.5698
Barueri,SÃO PAULO,SP,-23.5057,-46.879
Batatais,SÃO PAULO,SP,-20.8929,-47.5921
Bauru,SÃO PAULO,SP,-22.3246,-49.0871
Bebedouro,SÃO PAULO,SP,-20.9491,-48.4791
Birigui,SÃO PAULO,SP,-21.291,-50.3432
Boituva,SÃO PAULO,SP,-23.2855,-47.6786
Botucatu,SÃO PAULO,SP,-22.8837,-48.4437
Bragança Paulista,SÃO PAULO,SP,-22.9527,-46.5419
Buritama,SÃO PAULO,SP,-21.0661,-50.1475
Buritizal,SÃO PAULO,SP,-20.1911,-47.7096
Cabreúva,SÃO PAULO,SP,-23.3053,-47.1362
Cafelândia,SÃO PAULO,SP,-21.8031,-49.6092
Campinas,SÃO PAULO,SP,-22.9053,-47.0659
Capão Bonito,SÃO PAULO,SP,-24.0113,-48.3482
Carapicuíba,SÃO PAULO,SP,-23.5235,-46.8407
Catanduva,SÃO PAULO,SP,-21.1314,-48.977
Caçapava,SÃO PAULO,SP,-23.0992,-45.7076
Cerquilho,SÃO PAULO,SP,-23.1665,-47.7459
Colina,SÃO PAULO,SP,-20.7114,-48.5387
Coroados,SÃO PAULO,SP,-21.3521,-50.2859
Cosmópolis,SÃO PAULO,SP,-22.6419,-47.1926
Cândido Mota,SÃO PAULO,SP,-22.7471,-50.3873
Descalvado,SÃO PAULO,SP,-21.9002,-47.6181
Dracena,SÃO PAULO,SP,-21.4843,-51.535
Elias Fausto,SÃO PAULO,SP,-23.0428,-47.3682
Embu das Artes,SÃO PAULO,SP,-23.6437,-46.8579
Espírito Santo do Pinhal,SÃO PAULO,SP,-22.1909,-46.7477
Fartura,SÃO PAULO,SP,-23.3916,-49.5124
Fernandópolis,SÃO PAULO,SP,-20.2806,-50.2471
Franca,SÃO PAULO,SP,-20.5352,-47.4039
Garça,SÃO PAULO,SP,-22.2125,-49.6546
Guapiara,SÃO PAULO,SP,-24.1892,-48.5295
Guararapes,SÃO PAULO,SP,-21.2544,-50.6453
Guaratinguetá,SÃO PAULO,SP,-22.8075,-45.1938
Guaraçaí,SÃO PAULO,SP,-21.0292,-51.2119
Guarulhos,SÃO PAULO,SP,-23.4538,-46.5333
Guará,SÃO PAULO,SP,-20.4302,-47.8236
Guaíra,SÃO PAULO,SP,-20.3196,-48.312
Holambra,SÃO PAULO,SP,-22.6405,-47.0487
Hortolândia,SÃO PAULO,SP,-22.8529,-47.2143
Ibirarema,SÃO PAULO,SP,-22.8185,-50.0739
Ibiúna,SÃO PAULO,SP,-23.6596,-47.223
Indaiatuba,SÃO PAULO,SP,-23.0816,-47.2101
Iperó,SÃO PAULO,SP,-23.3513,-47.6927
Itapecerica da Serra,SÃO PAULO,SP,-23.7161,-46.8572
Itapetininga,SÃO PAULO,SP,-23.5886,-48.0483
Itapeva,SÃO PAULO,SP,-23.9788,-48.8764
Itapira,SÃO PAULO,SP,-22.4357,-46.8224
Itaquaquecetuba,SÃO PAULO,SP,-23.4835,-46.3457
Itararé,SÃO PAULO,SP,-24.1085,-49.3352
Itaí,SÃO PAULO,SP,-23.4213,-49.092
Itu,SÃO PAULO,SP,-23.2544,-47.2927
Ituverava,SÃO PAULO,SP,-20.3355,-47.7902
Itápolis,SÃO PAULO,SP,-21.5942,-48.8149
Jaboticabal,SÃO PAULO,SP,-21.252,-48.3252
Jacareí,SÃO PAULO,SP,-23.2983,-45.9658
Jales,SÃO PAULO,SP,-20.2672,-50.5494
Jardinópolis,SÃO PAULO,SP,-21.0176,-47.7606
Jaú,SÃO PAULO,SP,-22.2936,-48.5592
Jundiaí,SÃO PAULO,SP,-23.1852,-46.8974
Leme,SÃO PAULO,SP,-22.1809,-47.3841
Limeira,SÃO PAULO,SP,-22.566,-47.397
Lins,SÃO PAULO,SP,-21.6718,-49.7526
Lorena,SÃO PAULO,SP,-22.7334,-45.1197
Maracaí,SÃO PAULO,SP,-22.6149,-50.6713
Marília,SÃO PAULO,SP,-22.2171,-49.9501
Matão,SÃO PAULO,SP,-21.6025,-48.364
Miguelópolis,SÃO PAULO,SP,-20.1796,-48.031
Mirandópolis,SÃO PAULO,SP,-21.1313,-51.1035
Mirassol,SÃO PAULO,SP,-20.8169,-49.5206
Mococa,SÃO PAULO,SP,-21.4647,-47.0024
Mogi Guaçu,SÃO PAULO,SP,-22.3675,-46.9428
Mogi Mirim,SÃO PAULO,SP,-22.4332,-46.9532
Nhandeara,SÃO PAULO,SP,-20.6945,-50.0436
Nova Odessa,SÃO PAULO,SP,-22.7832,-47.2941
Novo Horizonte,SÃO PAULO,SP,-21.4651,-49.2234
Nuporanga,SÃO PAULO,SP,-20.7296,-47.7429
Olímpia,SÃO PAULO,SP,-20.7366,-48.9106
Orlândia,SÃO PAULO,SP,-20.7169,-47.8852
Osasco,SÃO PAULO,SP,-23.5324,-46.7916
Osvaldo Cruz,SÃO PAULO,SP,-21.7968,-50.8793
Ourinhos,SÃO PAULO,SP,-22.9797,-49.8697
Palmital,SÃO PAULO,SP,-22.7858,-50.218
Paraguaçu Paulista,SÃO PAULO,SP,-22.4114,-50.5732
Paranapanema,SÃO PAULO,SP,-23.3862,-48.7214
Paulínia,SÃO PAULO,SP,-22.7542,-47.1488
Pederneiras,SÃO PAULO,SP,-22.3511,-48.7781
Penápolis,SÃO PAULO,SP,-21.4148,-50.0769
Pindamonhangaba,SÃO PAULO,SP,-22.9246,-45.4613
Piracicaba,SÃO PAULO,SP,-22.7338,-47.6476
Pirassununga,SÃO PAULO,SP,-21.996,-47.4257
Porto Ferreira,SÃO PAULO,SP,-21.8498,-47.487
Presidente Bernardes,SÃO PAULO,SP,-22.0082,-51.5565
Presidente Prudente,SÃO PAULO,SP,-22.1207,-51.3925
Presidente Venceslau,SÃO PAULO,SP,-21.8732,-51.8447
Promissão,SÃO PAULO,SP,-21.5356,-49.8599
Quatá,SÃO PAULO,SP,-22.2456,-50.6966
Rancharia,SÃO PAULO,SP,-22.2269,-50.893
Regente Feijó,SÃO PAULO,SP,-22.2181,-51.3055
Registro,SÃO PAULO,SP,-24.4979,-47.8449
Ribeirão Preto,SÃO PAULO,SP,-21.1699,-47.8099
Rio Claro,SÃO PAULO,SP,-22.3984,-47.5546
Saltinho,SÃO PAULO,SP,-22.8442,-47.6754
Salto,SÃO PAULO,SP,-23.1996,-47.2931
Salto Grande,SÃO PAULO,SP,-22.8894,-49.9831
Santa Bárbara d'Oeste,SÃO PAULO,SP,-22.7553,-47.4143
Santa Cruz do Rio Pardo,SÃO PAULO,SP,-22.8988,-49.6354
Santana de Parnaíba,SÃO PAULO,SP,-23.4439,-46.9178
Sertãozinho,SÃO PAULO,SP,-21.1316,-47.9875
Sorocaba,SÃO PAULO,SP,-23.4969,-47.4451
Sumaré,SÃO PAULO,SP,-22.8204,-47.2728
Suzano,SÃO PAULO,SP,-23.5448,-46.3112
São Bernardo do Campo,SÃO PAULO,SP,-23.6914,-46.5646
São Carlos,SÃO PAULO,SP,-22.0174,-47.886
São Joaquim da Barra,SÃO PAULO,SP,-20.5812,-47.8593
São José do Rio Pardo,SÃO PAULO,SP,-21.5953,-46.8873
São José do Rio Preto,SÃO PAULO,SP,-20.8113,-49.3758
São José dos Campos,SÃO PAULO,SP,-23.1896,-45.8841
São João da Boa Vista,SÃO PAULO,SP,-21.9707,-46.7944
São Manuel,SÃO PAULO,SP,-22.7321,-48.5723
São Paulo,SÃO PAULO,SP,-23.5329,-46.6395
São Roque,SÃO PAULO,SP,-23.5226,-47.1357
Taboão da Serra,SÃO PAULO,SP,-23.6019,-46.7526
Taquaritinga,SÃO PAULO,SP,-21.4049,-48.5103
Tatuí,SÃO PAULO,SP,-23.3487,-47.8461
Taubaté,SÃO PAULO,SP,-23.0104,-45.5593
Tietê,SÃO PAULO,SP,-23.1101,-47.7164
Tremembé,SÃO PAULO,SP,-22.9571,-45.5475
Tupi Paulista,SÃO PAULO,SP,-21.3825,-51.575
Tupã,SÃO PAULO,SP,-21.9335,-50.5191
Valinhos,SÃO PAULO,SP,-22.9698,-46.9974
Vargem Grande Paulista,SÃO PAULO,SP,-23.5993,-47.022
Vargem Grande do Sul,SÃO PAULO,SP,-21.8322,-46.8913
Vinhedo,SÃO PAULO,SP,-23.0302,-46.9833
Votorantim,SÃO PAULO,SP,-23.5446,-47.4388
Votuporanga,SÃO PAULO,SP,-20.4237,-49.9781
Águas de Santa Bárbara,SÃO PAULO,SP,-22.8812,-49.2421
Álvares Machado,SÃO PAULO,SP,-22.0764,-51.4722
Araguaína,TOCANTINS,TO,-7.19238,-48.2044
Colinas do Tocantins,TOCANTINS,TO,-8.05764,-48.4757
Gurupi,TOCANTINS,TO,-11.7279,-49.068
Palmas,TOCANTINS,TO,-10.24,-48.3558
Paraíso do Tocantins,TOCANTINS,TO,-10.175,-48.8823
Porto Nacional,TOCANTINS,TO,-10.7027,-48.408
Sítio Novo do Tocantins,TOCANTINS,TO,-5.6012,-47.6381
