estado_destino,municipio_ou_aeroporto
SC,Agrolândia
SC,Agronômica
SC,Águas Mornas
SC,Alfredo Wagner
SC,Angelina
SC,Anita Garibaldi
SC,Anitápolis
SC,Antônio Carlos
SC,Apiúna
SC,Araquari
SC,Araranguá
SC,Armazém
SC,Ascurra
SC,Atalanta
SC,Aurora
SC,Balneário Arroio do Silva
SC,Balneário Barra do Sul
SC,Balneário Camboriú
SC,Balneário Gaivota
SC,Balneário Piçarras
SC,Balneário Rincão
SC,Barra Velha
SC,Bela Vista do Toldo
SC,Benedito Novo
SC,Biguaçu
SC,Blumenau
SC,Bocaina do Sul
SC,Bom Jardim da Serra
SC,Bom Retiro
SC,Bombinhas
SC,Botuverá
SC,Braço do Norte
SC,Braço do Trombudo
SC,Brusque
SC,Caçador
SC,Cambara
SC,Camboriú
SC,Campo Alegre
SC,Campo Belo do Sul
SC,Canelinha
SC,Canoinhas
SC,Capão Alto
SC,Capivari de Baixo
SC,Celso Ramos
SC,Cerro Negro
SC,Cocal do Sul
SC,Correia Pinto
SC,Corupá
SC,Criciúma
SC,Curitibanos
SC,Dona Emma
SC,Doutor Pedrinho
SC,Ermo
SC,Florianópolis
SC,Forquilhinha
SC,Fraiburgo
SC,Garopaba
SC,Garuva
SC,Gaspar
SC,Governador Celso Ramos
SC,Grão-Pará
SC,Gravatal
SC,Guabiruba
SC,Guaramirim
SC,Ibirama
SC,Içara
SC,Ilhota
SC,Imaruí
SC,Imbituba
SC,Imbuia
SC,Indaial
SC,Irineópolis
SC,Itaiópolis
SC,Itajaí
SC,Itapema
SC,Itapoá
SC,Ituporanga
SC,Jacinto Machado
SC,Jaguaruna
SC,Jaraguá do Sul
SC,Joinville
SC,José Boiteux
SC,Lages
SC,Laguna
SC,Laurentino
SC,Lauro Müller
SC,Leoberto Leal
SC,Lontras
SC,Luiz Alves
SC,Mafra
SC,Major Gercino
SC,Major Vieira
SC,Maracajá
SC,Massaranduba
SC,Meleiro
SC,Mirim Doce
SC,Monte Castelo
SC,Morro da Fumaça
SC,Morro Grande
SC,Navegantes
SC,Nova Trento
SC,Nova Veneza
SC,Orleans
SC,Otacílio Costa
SC,Painel
SC,Palhoça
SC,Palmeira
SC,Papanduva
SC,Passo de Torres
SC,Paulo Lopes
SC,Pedras Grandes
SC,Penha
SC,Pescaria Brava
SC,Petrolândia
SC,Pomerode
SC,Ponte Alta
SC,Ponte Alta do Norte
SC,Porto Belo
SC,Porto União
SC,Pouso Redondo
SC,Praia Grande
SC,Presidente Getúlio
SC,Presidente Nereu
SC,Rancho Queimado
SC,Rio do Campo
SC,Rio do Oeste
SC,Rio do Sul
SC,Rio dos Cedros
SC,Rio Fortuna
SC,Rio Negrinho
SC,Rio Rufino
SC,Rodeio
SC,Salete
SC,Sangão
SC,Santa Cecília
SC,Santa Rosa de Lima
SC,Santa Rosa do Sul
SC,Santa Terezinha
SC,Santo Amaro da Imperatriz
SC,São Bento do Sul
SC,São Bonifácio
SC,São Cristóvão do Sul
SC,São Francisco do Sul
SC,São João Batista
SC,São João do Itaperiú
SC,São João do Sul
SC,São Joaquim
SC,São José
SC,São José do Cerrito
SC,São Ludgero
SC,São Martinho
SC,São Pedro de Alcântara
SC,Schroeder
SC,Siderópolis
SC,Sombrio
SC,Taió
SC,Tijucas
SC,Timbé do Sul
SC,Timbó
SC,Timbó Grande
SC,Três Barras
SC,Treviso
SC,Treze de Maio
SC,Trombudo Central
SC,Tubarão
SC,Turvo
SC,Urubici
SC,Urupema
SC,Urussanga
SC,Vidal Ramos
SC,Vitor Meireles
SC,Witmarsum
PR,Abatiá
PR,Adrianópolis
PR,Agudos do Sul
PR,Almirante Tamandaré
PR,Altamira do Paraná
PR,Alto Paraíso
PR,Alto Piquiri
PR,Altônia
PR,Alvorada do Sul
PR,Amaporã
PR,Ampére
PR,Anahy
PR,Andirá
PR,Ângulo
PR,Antonina
PR,Antônio Olinto
PR,Apucarana
PR,Arapongas
PR,Arapoti
PR,Arapuã
PR,Araruna
PR,Araucária
PR,Ariranha do Ivaí
PR,Assaí
PR,Assis Chateaubriand
PR,Astorga
PR,Atalaia
PR,Balsa Nova
PR,Bandeirantes
PR,Barbosa Ferraz
PR,Barra do Jacaré
PR,Barracão
PR,Bela Vista da Caroba
PR,Bela Vista do Paraíso
PR,Bituruna
PR,Boa Esperança
PR,Boa Esperança do Iguaçu
PR,Boa Ventura de São Roque
PR,Boa Vista da Aparecida
PR,Bocaiúva do Sul
PR,Bom Jesus do Sul
PR,Bom Sucesso
PR,Bom Sucesso do Sul
PR,Borrazópolis
PR,Braganey
PR,Brasilândia do Sul
PR,Cafeara
PR,Cafelândia
PR,Cafezal do Sul
PR,Califórnia
PR,Cambará
PR,Cambé
PR,Cambira
PR,Campina da Lagoa
PR,Campina do Simão
PR,Campina Grande do Sul
PR,Campo Bonito
PR,Campo do Tenente
PR,Campo Largo
PR,Campo Magro
PR,Campo Mourão
PR,Cândido de Abreu
PR,Candói
PR,Cantagalo
PR,Capanema
PR,Capitão Leônidas Marques
PR,Carambeí
PR,Carlópolis
PR,Cascavel
PR,Castro
PR,Catanduvas
PR,Centenário do Sul
PR,Cerro Azul
PR,Céu Azul
PR,Chopinzinho
PR,Cianorte
PR,Cidade Gaúcha
PR,Clevelândia
PR,Colombo
PR,Colorado
PR,Congonhinhas
PR,Conselheiro Mairinck
PR,Contenda
PR,Corbélia
PR,Cornélio Procópio
PR,Coronel Domingos Soares
PR,Coronel Vivida
PR,Corumbataí do Sul
PR,Cruz Machado
PR,Cruzeiro do Iguaçu
PR,Cruzeiro do Oeste
PR,Cruzeiro do Sul
PR,Cruzmaltina
PR,Curitiba
PR,Curiúva
PR,Diamante d'Oeste
PR,Diamante do Norte
PR,Diamante do Sul
PR,Dois Vizinhos
PR,Douradina
PR,Doutor Camargo
PR,Doutor Ulysses
PR,Enéas Marques
PR,Engenheiro Beltrão
PR,Entre Rios do Oeste
PR,Esperança Nova
PR,Espigão Alto do Iguaçu
PR,Farol
PR,Faxinal
PR,Fazenda Rio Grande
PR,Fênix
PR,Fernandes Pinheiro
PR,Figueira
PR,Flor da Serra do Sul
PR,Floraí
PR,Floresta
PR,Florestópolis
PR,Flórida
PR,Formosa do Oeste
PR,Foz do Iguaçu
PR,Foz do Jordão
PR,Francisco Alves
PR,Francisco Beltrão
PR,General Carneiro
PR,Godoy Moreira
PR,Goioerê
PR,Goioxim
PR,Grandes Rios
PR,Guaíra
PR,Guairaçá
PR,Guamiranga
PR,Guapirama
PR,Guaporema
PR,Guaraci
PR,Guaraniaçu
PR,Guarapuava
PR,Guaraqueçaba
PR,Guaratuba
PR,Honório Serpa
PR,Ibaiti
PR,Ibema
PR,Ibiporã
PR,Icaraíma
PR,Iguaraçu
PR,Iguatu
PR,Imbaú
PR,Imbituva
PR,Inácio Martins
PR,Inajá
PR,Indianópolis
PR,Ipiranga
PR,Iporã
PR,Iracema do Oeste
PR,Irati
PR,Iretama
PR,Itaguajé
PR,Itaipulândia
PR,Itambaracá
PR,Itambé
PR,Itapejara d'Oeste
PR,Itaperuçu
PR,Itaúna do Sul
PR,Ivaí
PR,Ivaiporã
PR,Ivaté
PR,Ivatuba
PR,Jaboti
PR,Jacarezinho
PR,Jaguapitã
PR,Jaguariaíva
PR,Jandaia do Sul
PR,Janiópolis
PR,Japira
PR,Japurá
PR,Jardim Alegre
PR,Jardim Olinda
PR,Jataizinho
PR,Jesuítas
PR,Joaquim Távora
PR,Jundiaí do Sul
PR,Juranda
PR,Jussara
PR,Kaloré
PR,Lapa
PR,Laranjal
PR,Laranjeiras do Sul
PR,Leópolis
PR,Lidianópolis
PR,Lindoeste
PR,Loanda
PR,Lobato
PR,Londrina
PR,Luiziana
PR,Lunardelli
PR,Lupionópolis
PR,Mallet
PR,Mamborê
PR,Mandaguaçu
PR,Mandaguari
PR,Mandirituba
PR,Manfrinópolis
PR,Mangueirinha
PR,Manoel Ribas
PR,Marechal Cândido Rondon
PR,Maria Helena
PR,Marialva
PR,Marilândia do Sul
PR,Marilena
PR,Mariluz
PR,Maringá
PR,Mariópolis
PR,Maripá
PR,Marmeleiro
PR,Marquinho
PR,Marumbi
PR,Matelândia
PR,Matinhos
PR,Mato Rico
PR,Mauá da Serra
PR,Medianeira
PR,Mercedes
PR,Mirador
PR,Miraselva
PR,Missal
PR,Moreira Sales
PR,Morretes
PR,Munhoz de Mello
PR,Nossa Senhora das Graças
PR,Nova Aliança do Ivaí
PR,Nova América da Colina
PR,Nova Aurora
PR,Nova Cantu
PR,Nova Esperança
PR,Nova Esperança do Sudoeste
PR,Nova Fátima
PR,Nova Laranjeiras
PR,Nova Londrina
PR,Nova Olímpia
PR,Nova Prata do Iguaçu
PR,Nova Santa Bárbara
PR,Nova Santa Rosa
PR,Nova Tebas
PR,Novo Itacolomi
PR,Ortigueira
PR,Ourizona
PR,Ouro Verde do Oeste
PR,Paiçandu
PR,Palmas
PR,Palmeira
PR,Palmital
PR,Palotina
PR,Paraíso do Norte
PR,Paranacity
PR,Paranaguá
PR,Paranapoema
PR,Paranavaí
PR,Pato Bragado
PR,Pato Branco
PR,Paula Freitas
PR,Paulo Frontin
PR,Peabiru
PR,Perobal
PR,Pérola
PR,Pérola d'Oeste
PR,Piên
PR,Pinhais
PR,Pinhal de São Bento
PR,Pinhalão
PR,Pinhão
PR,Piraí do Sul
PR,Piraquara
PR,Pitanga
PR,Pitangueiras
PR,Planaltina do Paraná
PR,Planalto
PR,Ponta Grossa
PR,Pontal do Paraná
PR,Porecatu
PR,Porto Amazonas
PR,Porto Barreiro
PR,Porto Rico
PR,Porto Vitória
PR,Prado Ferreira
PR,Pranchita
PR,Presidente Castelo Branco
PR,Primeiro de Maio
PR,Prudentópolis
PR,Quarto Centenário
PR,Quatiguá
PR,Quatro Barras
PR,Quatro Pontes
PR,Quedas do Iguaçu
PR,Querência do Norte
PR,Quinta do Sol
PR,Quitandinha
PR,Ramilândia
PR,Rancho Alegre
PR,Rancho Alegre d'Oeste
PR,Realeza
PR,Rebouças
PR,Renascença
PR,Reserva
PR,Reserva do Iguaçu
PR,Ribeirão Claro
PR,Ribeirão do Pinhal
PR,Rio Azul
PR,Rio Bom
PR,Rio Bonito do Iguaçu
PR,Rio Branco do Ivaí
PR,Rio Branco do Sul
PR,Rio Negro
PR,Rolândia
PR,Roncador
PR,Rondon
PR,Rosário do Ivaí
PR,Sabáudia
PR,Salgado Filho
PR,Salto do Itararé
PR,Salto do Lontra
PR,Santa Amélia
PR,Santa Cecília do Pavão
PR,Santa Cruz de Monte Castelo
PR,Santa Fé
PR,Santa Helena
PR,Santa Inês
PR,Santa Isabel do Ivaí
PR,Santa Izabel do Oeste
PR,Santa Lúcia
PR,Santa Maria do Oeste
PR,Santa Mariana
PR,Santa Mônica
PR,Santa Tereza do Oeste
PR,Santa Terezinha de Itaipu
PR,Santana do Itararé
PR,Santo Antônio da Platina
PR,Santo Antônio do Caiuá
PR,Santo Antônio do Paraíso
PR,Santo Antônio do Sudoeste
PR,Santo Inácio
PR,São Carlos do Ivaí
PR,São Jerônimo da Serra
PR,São João
PR,São João do Caiuá
PR,São João do Ivaí
PR,São João do Triunfo
PR,São Jorge d'Oeste
PR,São Jorge do Ivaí
PR,São Jorge do Patrocínio
PR,São José da Boa Vista
PR,São José das Palmeiras
PR,São José dos Pinhais
PR,São Manoel do Paraná
PR,São Mateus do Sul
PR,São Miguel do Iguaçu
PR,São Pedro do Iguaçu
PR,São Pedro do Ivaí
PR,São Pedro do Paraná
PR,São Sebastião da Amoreira
PR,São Tomé
PR,Sapopema
PR,Sarandi
PR,Saudade do Iguaçu
PR,Sengés
PR,Serranópolis do Iguaçu
PR,Sertaneja
PR,Sertanópolis
PR,Siqueira Campos
PR,Sulina
PR,Tamarana
PR,Tamboara
PR,Tapejara
PR,Tapira
PR,Teixeira Soares
PR,Telêmaco Borba
PR,Terra Boa
PR,Terra Rica
PR,Terra Roxa
PR,Tibagi
PR,Tijucas do Sul
PR,Toledo
PR,Tomazina
PR,Três Barras do Paraná
PR,Tunas do Paraná
PR,Tuneiras do Oeste
PR,Tupãssi
PR,Turvo
PR,Ubiratã
PR,Umuarama
PR,União da Vitória
PR,Uniflor
PR,Uraí
PR,Ventania
PR,Vera Cruz do Oeste
PR,Verê
PR,Virmond
PR,Vitorino
PR,Wenceslau Braz
PR,Xambrê
SP,Adamantina
SP,Adolfo
SP,Aguaí
SP,Águas da Prata
SP,Águas de Lindóia
SP,Águas de São Pedro
SP,Águas de São Pedro
SP,Agudos
SP,Alambari
SP,Alfredo Marcondes
SP,Altair
SP,Altinópolis
SP,Alto Alegre
SP,Alumínio
SP,Álvares Florence
SP,Álvares Machado
SP,Álvaro de Carvalho
SP,Alvinlândia
SP,Americana
SP,Américo Brasiliense
SP,Américo de Campos
SP,Amparo
SP,Analândia
SP,Andradina
SP,Angatuba
SP,Anhembi
SP,Anhumas
SP,Aparecida
SP,Aparecida d'Oeste
SP,Apiaí
SP,Araçariguama
SP,Araçatuba
SP,Araçoiaba da Serra
SP,Aramina
SP,Arandu
SP,Arapeí
SP,Araraquara
SP,Araras
SP,Arco-Íris
SP,Arealva
SP,Areias
SP,Areiópolis
SP,Ariranha
SP,Artur Nogueira
SP,Arujá
SP,Aspásia
SP,Assis
SP,Atibaia
SP,Auriflama
SP,Avaí
SP,Avanhandava
SP,Avaré
SP,Bady Bassitt
SP,Balbinos
SP,Bálsamo
SP,Bananal
SP,Barão de Antonina
SP,Barbosa
SP,Bariri
SP,Barra Bonita
SP,Barra do Chapéu
SP,Barra do Turvo
SP,Barretos
SP,Barrinha
SP,Barueri
SP,Bastos
SP,Batatais
SP,Bauru
SP,Bebedouro
SP,Bento de Abreu
SP,Bernardino de Campos
SP,Bertioga
SP,Bilac
SP,Birigui
SP,Biritiba Mirim
SP,Boa Esperança do Sul
SP,Bocaina
SP,Bofete
SP,Boituva
SP,Bom Jesus dos Perdões
SP,Bom Sucesso de Itararé
SP,Borá
SP,Boraceia
SP,Borborema
SP,Borebi
SP,Botucatu
SP,Bragança Paulista
SP,Braúna
SP,Brejo Alegre
SP,Brodowski
SP,Brotas
SP,Buri
SP,Buritama
SP,Buritizal
SP,Cabrália Paulista
SP,Cabreúva
SP,Caçapava
SP,Cachoeira Paulista
SP,Caconde
SP,Cafelândia
SP,Caiabu
SP,Caieiras
SP,Caiuá
SP,Cajamar
SP,Cajati
SP,Cajobi
SP,Cajuru
SP,Campina do Monte Alegre
SP,Campinas
SP,Campo Limpo Paulista
SP,Campos do Jordão
SP,Campos Novos Paulista
SP,Cananéia
SP,Canas
SP,Cândido Mota
SP,Cândido Rodrigues
SP,Canitar
SP,Capão Bonito
SP,Capela do Alto
SP,Capivari
SP,Caraguatatuba
SP,Carapicuíba
SP,Cardoso
SP,Casa Branca
SP,Cássia dos Coqueiros
SP,Castilho
SP,Catanduva
SP,Catiguá
SP,Cedral
SP,Cerqueira César
SP,Cerquilho
SP,Cesário Lange
SP,Charqueada
SP,Chavantes
SP,Clementina
SP,Colina
SP,Colômbia
SP,Conchal
SP,Conchas
SP,Cordeirópolis
SP,Coroados
SP,Coronel Macedo
SP,Corumbataí
SP,Cosmópolis
SP,Cosmorama
SP,Cotia
SP,Cravinhos
SP,Cristais Paulista
SP,Cruzália
SP,Cruzeiro
SP,Cubatão
SP,Cunha
SP,Descalvado
SP,Diadema
SP,Dirce Reis
SP,Divinolândia
SP,Dobrada
SP,Dois Córregos
SP,Dolcinópolis
SP,Dourado
SP,Dracena
SP,Duartina
SP,Dumont
SP,Echaporã
SP,Eldorado
SP,Elias Fausto
SP,Elisiário
SP,Embaúba
SP,Embu das Artes
SP,Embu-Guaçu
SP,Emilianópolis
SP,Engenheiro Coelho
SP,Espírito Santo do Pinhal
SP,Espírito Santo do Turvo
SP,Estiva Gerbi
SP,Estrela d'Oeste
SP,Estrela do Norte
SP,Euclides da Cunha Paulista
SP,Fartura
SP,Fernando Prestes
SP,Fernandópolis
SP,Fernão
SP,Ferraz de Vasconcelos
SP,Flora Rica
SP,Floreal
SP,Flórida Paulista
SP,Florínea
SP,Franca
SP,Francisco Morato
SP,Franco da Rocha
SP,Gabriel Monteiro
SP,Gália
SP,Garça
SP,Gastão Vidigal
SP,Gavião Peixoto
SP,General Salgado
SP,Getulina
SP,Glicério
SP,Guaiçara
SP,Guaimbê
SP,Guaíra
SP,Guapiaçu
SP,Guapiara
SP,Guará
SP,Guaraçaí
SP,Guaraci
SP,Guarani d'Oeste
SP,Guarantã
SP,Guararapes
SP,Guararema
SP,Guaratinguetá
SP,Guareí
SP,Guariba
SP,Guarujá
SP,Guarulhos
SP,Guatapará
SP,Guzolândia
SP,Herculândia
SP,Holambra
SP,Hortolândia
SP,Iacanga
SP,Iacri
SP,Iaras
SP,Ibaté
SP,Ibirá
SP,Ibirarema
SP,Ibitinga
SP,Ibiúna
SP,Icém
SP,Iepê
SP,Igaraçu do Tietê
SP,Igarapava
SP,Igaratá
SP,Iguape
SP,Ilha Comprida
SP,Ilha Solteira
SP,Ilhabela
SP,Indaiatuba
SP,Indiana
SP,Indiaporã
SP,Inúbia Paulista
SP,Ipaussu
SP,Iperó
SP,Ipeúna
SP,Ipiguá
SP,Iporanga
SP,Ipuã
SP,Iracemápolis
SP,Irapuã
SP,Irapuru
SP,Itaberá
SP,Itaí
SP,Itajobi
SP,Itaju
SP,Itanhaém
SP,Itaóca
SP,Itapecerica da Serra
SP,Itapetininga
SP,Itapeva
SP,Itapevi
SP,Itapira
SP,Itapirapuã Paulista
SP,Itápolis
SP,Itaporanga
SP,Itapuí
SP,Itapura
SP,Itaquaquecetuba
SP,Itararé
SP,Itariri
SP,Itatiba
SP,Itatinga
SP,Itirapina
SP,Itirapuã
SP,Itobi
SP,Itu
SP,Itupeva
SP,Ituverava
SP,Jaborandi
SP,Jaboticabal
SP,Jacareí
SP,Jaci
SP,Jacupiranga
SP,Jaguariúna
SP,Jales
SP,Jambeiro
SP,Jandira
SP,Jardinópolis
SP,Jarinu
SP,Jaú
SP,Jeriquara
SP,Joanópolis
SP,João Ramalho
SP,José Bonifácio
SP,Júlio Mesquita
SP,Jumirim
SP,Jundiaí
SP,Junqueirópolis
SP,Juquiá
SP,Juquitiba
SP,Lagoinha
SP,Laranjal Paulista
SP,Lavínia
SP,Lavrinhas
SP,Leme
SP,Lençóis Paulista
SP,Limeira
SP,Lindoia
SP,Lins
SP,Lorena
SP,Lourdes
SP,Louveira
SP,Lucélia
SP,Lucianópolis
SP,Luiz Antônio
SP,Luiziânia
SP,Lupércio
SP,Lutécia
SP,Macatuba
SP,Macaubal
SP,Macedônia
SP,Magda
SP,Mairinque
SP,Mairiporã
SP,Manduri
SP,Marabá Paulista
SP,Maracaí
SP,Marapoama
SP,Mariápolis
SP,Marília
SP,Marinópolis
SP,Martinópolis
SP,Matão
SP,Mauá
SP,Mendonça
SP,Meridiano
SP,Mesópolis
SP,Miguelópolis
SP,Mineiros do Tietê
SP,Mira Estrela
SP,Miracatu
SP,Mirandópolis
SP,Mirante do Paranapanema
SP,Mirassol
SP,Mirassolândia
SP,Mococa
SP,Mogi das Cruzes
SP,Mogi Guaçu
SP,Mogi Mirim
SP,Mombuca
SP,Monções
SP,Mongaguá
SP,Monte Alegre do Sul
SP,Monte Alto
SP,Monte Aprazível
SP,Monte Azul Paulista
SP,Monte Castelo
SP,Monte Mor
SP,Monteiro Lobato
SP,Morro Agudo
SP,Morungaba
SP,Motuca
SP,Murutinga do Sul
SP,Nantes
SP,Narandiba
SP,Natividade da Serra
SP,Nazaré Paulista
SP,Neves Paulista
SP,Nhandeara
SP,Nipoã
SP,Nova Aliança
SP,Nova Campina
SP,Nova Canaã Paulista
SP,Nova Castilho
SP,Nova Europa
SP,Nova Granada
SP,Nova Guataporanga
SP,Nova Independência
SP,Nova Luzitânia
SP,Nova Odessa
SP,Novais
SP,Novo Horizonte
SP,Nuporanga
SP,Ocauçu
SP,Óleo
SP,Olímpia
SP,Onda Verde
SP,Oriente
SP,Orindiúva
SP,Orlândia
SP,Osasco
SP,Oscar Bressane
SP,Osvaldo Cruz
SP,Ourinhos
SP,Ouro Verde
SP,Ouroeste
SP,Pacaembu
SP,Palestina
SP,Palmares Paulista
SP,Palmeira d'Oeste
SP,Palmital
SP,Panorama
SP,Paraguaçu Paulista
SP,Paraibuna
SP,Paraíso
SP,Paranapanema
SP,Paranapuã
SP,Parapuã
SP,Pardinho
SP,Pariquera-Açu
SP,Parisi
SP,Patrocínio Paulista
SP,Paulicéia
SP,Paulínia
SP,Paulistânia
SP,Paulo de Faria
SP,Pederneiras
SP,Pedra Bela
SP,Pedranópolis
SP,Pedregulho
SP,Pedreira
SP,Pedrinhas Paulista
SP,Pedro de Toledo
SP,Penápolis
SP,Pereira Barreto
SP,Pereiras
SP,Peruíbe
SP,Piacatu
SP,Piedade
SP,Pilar do Sul
SP,Pindamonhangaba
SP,Pindorama
SP,Pinhalzinho
SP,Piquerobi
SP,Piquete
SP,Piracaia
SP,Piracicaba
SP,Piraju
SP,Pirajuí
SP,Pirangi
SP,Pirapora do Bom Jesus
SP,Pirapozinho
SP,Pirassununga
SP,Piratininga
SP,Pitangueiras
SP,Planalto
SP,Platina
SP,Poá
SP,Poloni
SP,Pompeia
SP,Pongaí
SP,Pontal
SP,Pontalinda
SP,Pontes Gestal
SP,Populina
SP,Porangaba
SP,Porto Feliz
SP,Porto Ferreira
SP,Potim
SP,Potirendaba
SP,Pracinha
SP,Pradópolis
SP,Praia Grande
SP,Pratânia
SP,Presidente Alves
SP,Presidente Bernardes
SP,Presidente Epitácio
SP,Presidente Prudente
SP,Presidente Venceslau
SP,Promissão
SP,Quadra
SP,Quatá
SP,Queiroz
SP,Queluz
SP,Quintana
SP,Rafard
SP,Rancharia
SP,Redenção da Serra
SP,Regente Feijó
SP,Reginópolis
SP,Registro
SP,Restinga
SP,Ribeira
SP,Ribeirão Bonito
SP,Ribeirão Branco
SP,Ribeirão Corrente
SP,Ribeirão do Sul
SP,Ribeirão dos Índios
SP,Ribeirão Grande
SP,Ribeirão Pires
SP,Ribeirão Preto
SP,Rifaina
SP,Rincão
SP,Rinópolis
SP,Rio Claro
SP,Rio das Pedras
SP,Rio Grande da Serra
SP,Riolândia
SP,Riversul
SP,Rosana
SP,Roseira
SP,Rubiácea
SP,Rubineia
SP,Sabino
SP,Sagres
SP,Sales
SP,Sales Oliveira
SP,Salesópolis
SP,Salmourão
SP,Saltinho
SP,Salto
SP,Salto de Pirapora
SP,Salto Grande
SP,Sandovalina
SP,Santa Adélia
SP,Santa Albertina
SP,Santa Bárbara d'Oeste
SP,Santa Branca
SP,Santa Clara d'Oeste
SP,Santa Cruz da Conceição
SP,Santa Cruz da Esperança
SP,Santa Cruz das Palmeiras
SP,Santa Cruz do Rio Pardo
SP,Santa Ernestina
SP,Santa Fé do Sul
SP,Santa Gertrudes
SP,Santa Isabel
SP,Santa Lúcia
SP,Santa Maria da Serra
SP,Santa Mercedes
SP,Santa Rita d'Oeste
SP,Santa Rita do Passa Quatro
SP,Santa Rosa de Viterbo
SP,Santa Salete
SP,Santana da Ponte Pensa
SP,Santana de Parnaíba
SP,Santo Anastácio
SP,Santo André
SP,Santo Antônio da Alegria
SP,Santo Antônio de Posse
SP,Santo Antônio do Aracanguá
SP,Santo Antônio do Jardim
SP,Santo Antônio do Pinhal
SP,Santo Expedito
SP,Santópolis do Aguapeí
SP,Santos
SP,São Bento do Sapucaí
SP,São Bernardo do Campo
SP,São Caetano do Sul
SP,São Carlos
SP,São Francisco
SP,São João da Boa Vista
SP,São João das Duas Pontes
SP,São João de Iracema
SP,São João do Pau-d'Alho
SP,São Joaquim da Barra
SP,São José da Bela Vista
SP,São José do Barreiro
SP,São José do Rio Pardo
SP,São José do Rio Preto
SP,São José dos Campos
SP,São Lourenço da Serra
SP,São Luiz do Paraitinga
SP,São Manuel
SP,São Miguel Arcanjo
SP,São Paulo
SP,São Pedro
SP,São Pedro do Turvo
SP,São Roque
SP,São Sebastião
SP,São Sebastião da Grama
SP,São Simão
SP,São Vicente
SP,Sarapuí
SP,Sarutaiá
SP,Sebastianópolis do Sul
SP,Serra Azul
SP,Serra Negra
SP,Serrana
SP,Sertãozinho
SP,Sete Barras
SP,Severínia
SP,Silveiras
SP,Socorro
SP,Sorocaba
SP,Sud Mennucci
SP,Sumaré
SP,Suzanápolis
SP,Suzano
SP,Tabapuã
SP,Tabatinga
SP,Taboão da Serra
SP,Taciba
SP,Taguaí
SP,Taiaçu
SP,Taiuva
SP,Tambaú
SP,Tanabi
SP,Tapiraí
SP,Tapiratiba
SP,Taquaral
SP,Taquaritinga
SP,Taquarituba
SP,Taquarivaí
SP,Tarabai
SP,Tarumã
SP,Tatuí
SP,Taubaté
SP,Tejupá
SP,Teodoro Sampaio
SP,Terra Roxa
SP,Tietê
SP,Timburi
SP,Torre de Pedra
SP,Torrinha
SP,Trabiju
SP,Tremembé
SP,Três Fronteiras
SP,Tuiuti
SP,Tupã
SP,Tupi Paulista
SP,Turiúba
SP,Turmalina
SP,Ubarana
SP,Ubatuba
SP,Ubirajara
SP,Uchoa
SP,União Paulista
SP,Urânia
SP,Uru
SP,Urupês
SP,Valentim Gentil
SP,Valinhos
SP,Valparaíso
SP,Vargem
SP,Vargem Grande do Sul
SP,Vargem Grande Paulista
SP,Várzea Paulista
SP,Vera Cruz
SP,Vinhedo
SP,Viradouro
SP,Vista Alegre do Alto
SP,Vitória Brasil
SP,Votorantim
SP,Votuporanga
SP,Zacarias
MG,Abaeté
MG,Abre-Campo
MG,Acaiaca
MG,Açucena
MG,Água Comprida
MG,Aguanil
MG,Aimorés
MG,Aiuruoca
MG,Alagoa
MG,Albertina
MG,Além Paraíba
MG,Alfenas
MG,Alfredo Vasconcelos
MG,Alpercata
MG,Alpinópolis
MG,Alterosa
MG,Alto Caparaó
MG,Alto Jequitibá
MG,Alto Rio Doce
MG,Alvarenga
MG,Alvinópolis
MG,Alvorada de Minas
MG,Amparo da Serra
MG,Andradas
MG,Andrelândia
MG,Antônio Carlos
MG,Antônio Dias
MG,Antônio Prado de Minas
MG,Araçaí
MG,Aracitaba
MG,Araguari
MG,Arantina
MG,Araponga
MG,Arapuá
MG,Araújos
MG,Araxá
MG,Arceburgo
MG,Arcos
MG,Areado
MG,Argirita
MG,Astolfo Dutra
MG,Baependi
MG,Baldim
MG,Bambuí
MG,Bandeira do Sul
MG,Barão de Cocais
MG,Barão do Monte Alto
MG,Barbacena
MG,Barra Longa
MG,Barroso
MG,Bela Vista de Minas
MG,Belmiro Braga
MG,Belo Horizonte
MG,Belo Oriente
MG,Belo Vale
MG,Betim
MG,Bias Fortes
MG,Bicas
MG,Boa Esperança
MG,Bocaina de Minas
MG,Bom Despacho
MG,Bom Jardim de Minas
MG,Bom Jesus da Penha
MG,Bom Jesus do Amparo
MG,Bom Jesus do Galho
MG,Bom Repouso
MG,Bom Sucesso
MG,Bonfim
MG,Borda da Mata
MG,Botelhos
MG,Brás Pires
MG,Brasópolis
MG,Braúnas
MG,Brumadinho
MG,Bueno Brandão
MG,Bugre
MG,Cabo Verde
MG,Cachoeira da Prata
MG,Cachoeira de Minas
MG,Caetanópolis
MG,Caeté
MG,Caiana
MG,Cajuri
MG,Caldas
MG,Camacho
MG,Camanducaia
MG,Cambuí
MG,Cambuquira
MG,Campanha
MG,Campestre
MG,Campina Verde
MG,Campo Belo
MG,Campo do Meio
MG,Campo Florido
MG,Campos Altos
MG,Campos Gerais
MG,Cana Verde
MG,Canaã
MG,Candeias
MG,Caparaó
MG,Capela Nova
MG,Capetinga
MG,Capim Branco
MG,Capitão Andrade
MG,Capitólio
MG,Caputira
MG,Caranaíba
MG,Carandaí
MG,Carangola
MG,Caratinga
MG,Careaçu
MG,Carmésia
MG,Carmo da Cachoeira
MG,Carmo da Mata
MG,Carmo de Minas
MG,Carmo do Cajuru
MG,Carmo do Paranaíba
MG,Carmo do Rio Claro
MG,Carmópolis de Minas
MG,Carrancas
MG,Carvalhópolis
MG,Carvalhos
MG,Casa Grande
MG,Cássia
MG,Cataguases
MG,Catas Altas
MG,Catas Altas da Noruega
MG,Caxambu
MG,Cedro do Abaeté
MG,Central de Minas
MG,Chácara
MG,Chalé
MG,Chiador
MG,Cipotânea
MG,Claraval
MG,Cláudio
MG,Coimbra
MG,Comendador Gomes
MG,Conceição da Aparecida
MG,Conceição da Barra de Minas
MG,Conceição das Alagoas
MG,Conceição das Pedras
MG,Conceição de Ipanema
MG,Conceição do Mato Dentro
MG,Conceição do Pará
MG,Conceição do Rio Verde
MG,Conceição dos Ouros
MG,Confins
MG,Congonhal
MG,Congonhas
MG,Congonhas do Norte
MG,Conquista
MG,Conselheiro Lafaiete
MG,Conselheiro Pena
MG,Consolação
MG,Contagem
MG,Coqueiral
MG,Cordisburgo
MG,Cordislândia
MG,Coronel Fabriciano
MG,Coronel Pacheco
MG,Coronel Xavier Chaves
MG,Córrego Danta
MG,Córrego do Bom Jesus
MG,Córrego Fundo
MG,Córrego Novo
MG,Cristais
MG,Cristiano Otôni
MG,Cristina
MG,Crucilândia
MG,Cruzeiro da Fortaleza
MG,Cruzília
MG,Cuparaque
MG,Curvelo
MG,Delfim Moreira
MG,Delfinópolis
MG,Delta
MG,Descoberto
MG,Desterro de Entre-Rios
MG,Desterro do Melo
MG,Diogo de Vasconcelos
MG,Dionísio
MG,Divinésia
MG,Divino
MG,Divino das Laranjeiras
MG,Divinolândia de Minas
MG,Divinópolis
MG,Divisa Nova
MG,Dom Cavati
MG,Dom Joaquim
MG,Dom Silvério
MG,Dom Viçoso
MG,Dona Eusébia
MG,Dores de Campos
MG,Dores de Guanhães
MG,Dores do Indaiá
MG,Dores do Turvo
MG,Doresópolis
MG,Durandé
MG,Elói Mendes
MG,Engenheiro Caldas
MG,Entre-Folhas
MG,Entre-Rios de Minas
MG,Ervália
MG,Esmeraldas
MG,Espera Feliz
MG,Espírito Santo do Dourado
MG,Estiva
MG,Estrela do Indaiá
MG,Estrela do Sul
MG,Estrela-d'Alva
MG,Eugenópolis
MG,Ewbank da Câmara
MG,Extrema
MG,Fama
MG,Faria Lemos
MG,Felixlândia
MG,Fernandes Tourinho
MG,Ferros
MG,Fervedouro
MG,Florestal
MG,Formiga
MG,Fortaleza de Minas
MG,Fortuna de Minas
MG,Frei Inocêncio
MG,Fronteira
MG,Frutal
MG,Funilândia
MG,Galiléia
MG,Goiabeira
MG,Goianá
MG,Gonçalves
MG,Gonzaga
MG,Governador Valadares
MG,Guanhães
MG,Guapé
MG,Guaraciaba
MG,Guaranésia
MG,Guarani
MG,Guarará
MG,Guaxupé
MG,Guidoval
MG,Guimarânia
MG,Guiricema
MG,Gurinhatã
MG,Heliodora
MG,Iapu
MG,Ibertioga
MG,Ibiá
MG,Ibiraci
MG,Ibirité
MG,Ibitiúra de Minas
MG,Ibituruna
MG,Igarapé
MG,Igaratinga
MG,Iguatama
MG,Ijaci
MG,Ilicínea
MG,Imbé de Minas
MG,Inconfidentes
MG,Indianópolis
MG,Ingaí
MG,Inhapim
MG,Inhaúma
MG,Inimutaba
MG,Ipaba
MG,Ipanema
MG,Ipatinga
MG,Ipuiúna
MG,Iraí de Minas
MG,Itabira
MG,Itabirito
MG,Itaguara
MG,Itajubá
MG,Itamarati de Minas
MG,Itambé do Mato Dentro
MG,Itamoji
MG,Itamonte
MG,Itanhandu
MG,Itanhomi
MG,Itapajipe
MG,Itapecerica
MG,Itapeva
MG,Itatiaiuçu
MG,Itaú de Minas
MG,Itaúna
MG,Itaverava
MG,Itueta
MG,Ituiutaba
MG,Itumirim
MG,Iturama
MG,Itutinga
MG,Jabuticatubas
MG,Jacuí
MG,Jacutinga
MG,Jaguaraçu
MG,Japaraíba
MG,Jeceaba
MG,Jequeri
MG,Jequitibá
MG,Jesuânia
MG,Joanésia
MG,João Monlevade
MG,Juatuba
MG,Juiz de Fora
MG,Juruaia
MG,Lagoa da Prata
MG,Lagoa Dourada
MG,Lagoa Formosa
MG,Lagoa Santa
MG,Lajinha
MG,Lambari
MG,Lamim
MG,Laranjal
MG,Lavras
MG,Leandro Ferreira
MG,Leopoldina
MG,Liberdade
MG,Lima Duarte
MG,Luisburgo
MG,Luminárias
MG,Luz
MG,Machado
MG,Madre de Deus de Minas
MG,Manhuaçu
MG,Manhumirim
MG,Mantena
MG,Mar de Espanha
MG,Maravilhas
MG,Maria da Fé
MG,Mariana
MG,Mário Campos
MG,Maripá de Minas
MG,Marliéria
MG,Marmelópolis
MG,Martinho Campos
MG,Martins Soares
MG,Mateus Leme
MG,Matias Barbosa
MG,Matipó
MG,Matozinhos
MG,Matutina
MG,Medeiros
MG,Mercês
MG,Mesquita
MG,Minduri
MG,Miradouro
MG,Miraí
MG,Moeda
MG,Moema
MG,Monsenhor Paulo
MG,Monte Alegre de Minas
MG,Monte Belo
MG,Monte Carmelo
MG,Monte Santo de Minas
MG,Monte Sião
MG,Morro do Pilar
MG,Munhoz
MG,Muriaé
MG,Mutum
MG,Muzambinho
MG,Naque
MG,Natércia
MG,Nazareno
MG,Nepomuceno
MG,Nova Era
MG,Nova Lima
MG,Nova Resende
MG,Nova Serrana
MG,Nova União
MG,Olaria
MG,Olímpio Noronha
MG,Oliveira
MG,Oliveira Fortes
MG,Onça de Pitangui
MG,Oratórios
MG,Orizânia
MG,Ouro Branco
MG,Ouro Fino
MG,Ouro Preto
MG,Pains
MG,Paiva
MG,Palma
MG,Papagaios
MG,Pará de Minas
MG,Paraguaçu
MG,Paraisópolis
MG,Paraopeba
MG,Passa-Quatro
MG,Passa-Tempo
MG,Passa-Vinte
MG,Passabém
MG,Passos
MG,Patos de Minas
MG,Patrocínio
MG,Patrocínio do Muriaé
MG,Paula Cândido
MG,Pedra Bonita
MG,Pedra do Anta
MG,Pedra do Indaiá
MG,Pedra Dourada
MG,Pedralva
MG,Pedro Leopoldo
MG,Pedro Teixeira
MG,Pequeri
MG,Pequi
MG,Perdigão
MG,Perdizes
MG,Perdões
MG,Periquito
MG,Piau
MG,Piedade de Caratinga
MG,Piedade de Ponte Nova
MG,Piedade do Rio Grande
MG,Piedade dos Gerais
MG,Pimenta
MG,Pingo-d'Água
MG,Piracema
MG,Piranga
MG,Piranguçu
MG,Piranguinho
MG,Pirapetinga
MG,Piraúba
MG,Pitangui
MG,Pium-í
MG,Planura
MG,Poço Fundo
MG,Poços de Caldas
MG,Pocrane
MG,Pompéu
MG,Ponte Nova
MG,Porto Firme
MG,Pouso Alegre
MG,Pouso Alto
MG,Prados
MG,Prata
MG,Pratápolis
MG,Pratinha
MG,Presidente Bernardes
MG,Presidente Juscelino
MG,Prudente de Morais
MG,Quartel Geral
MG,Queluzito
MG,Raposos
MG,Raul Soares
MG,Recreio
MG,Reduto
MG,Resende Costa
MG,Resplendor
MG,Ressaquinha
MG,Ribeirão das Neves
MG,Ribeirão Vermelho
MG,Rio Acima
MG,Rio Casca
MG,Rio Doce
MG,Rio Espera
MG,Rio Manso
MG,Rio Novo
MG,Rio Paranaíba
MG,Rio Piracicaba
MG,Rio Pomba
MG,Rio Preto
MG,Rio Vermelho
MG,Ritápolis
MG,Rochedo de Minas
MG,Rodeiro
MG,Romaria
MG,Rosário da Limeira
MG,Sabará
MG,Sabinópolis
MG,Sacramento
MG,Santa Bárbara
MG,Santa Bárbara do Leste
MG,Santa Bárbara do Monte Verde
MG,Santa Bárbara do Tugúrio
MG,Santa Cruz de Minas
MG,Santa Cruz do Escalvado
MG,Santa Efigênia de Minas
MG,Santa Juliana
MG,Santa Luzia
MG,Santa Margarida
MG,Santa Maria de Itabira
MG,Santa Rita de Caldas
MG,Santa Rita de Minas
MG,Santa Rita do Ibitipoca
MG,Santa Rita do Itueto
MG,Santa Rita do Jacutinga
MG,Santa Rita do Sapucaí
MG,Santa Rosa da Serra
MG,Santana da Vargem
MG,Santana de Cataguases
MG,Santana de Pirapama
MG,Santana do Deserto
MG,Santana do Garambéu
MG,Santana do Jacaré
MG,Santana do Manhuaçu
MG,Santana do Paraíso
MG,Santana do Riacho
MG,Santana dos Montes
MG,Santo Antônio do Amparo
MG,Santo Antônio do Aventureiro
MG,Santo Antônio do Grama
MG,Santo Antônio do Itambé
MG,Santo Antônio do Monte
MG,Santo Antônio do Rio Abaixo
MG,Santos Dumont
MG,São Bento Abade
MG,São Brás do Suaçuí
MG,São Domingos das Dores
MG,São Domingos do Prata
MG,São Francisco de Paula
MG,São Francisco de Sales
MG,São Francisco do Glória
MG,São Geraldo
MG,São Geraldo da Piedade
MG,São Gonçalo do Pará
MG,São Gonçalo do Rio Abaixo
MG,São Gonçalo do Sapucaí
MG,São Gotardo
MG,São João Batista do Glória
MG,São João da Mata
MG,São João del-Rei
MG,São João do Manhuaçu
MG,São João do Manteninha
MG,São João do Oriente
MG,São João Nepomuceno
MG,São Joaquim de Bicas
MG,São José da Barra
MG,São José da Lapa
MG,São José da Varginha
MG,São José do Alegre
MG,São José do Goiabal
MG,São José do Mantimento
MG,São Lourenço
MG,São Miguel do Anta
MG,São Pedro da União
MG,São Pedro dos Ferros
MG,São Roque de Minas
MG,São Sebastião da Bela Vista
MG,São Sebastião da Vargem Alegre
MG,São Sebastião do Anta
MG,São Sebastião do Oeste
MG,São Sebastião do Paraíso
MG,São Sebastião do Rio Preto
MG,São Sebastião do Rio Verde
MG,São Tiago
MG,São Tomás de Aquino
MG,São Tomé das Letras
MG,São Vicente de Minas
MG,Sapucaí-Mirim
MG,Sardoá
MG,Sarzedo
MG,Sem-Peixe
MG,Senador Amaral
MG,Senador Cortes
MG,Senador Firmino
MG,Senador José Bento
MG,Senhora de Oliveira
MG,Senhora do Porto
MG,Senhora dos Remédios
MG,Sericita
MG,Seritinga
MG,Serra Azul de Minas
MG,Serra da Saudade
MG,Serra do Salitre
MG,Serrania
MG,Serranos
MG,Serro
MG,Sete Lagoas
MG,Silveirânia
MG,Silvianópolis
MG,Simão Pereira
MG,Simonésia
MG,Sobrália
MG,Soledade de Minas
MG,Tabuleiro
MG,Taparuba
MG,Tapiraí
MG,Taquaraçu de Minas
MG,Tarumirim
MG,Teixeiras
MG,Timóteo
MG,Tiradentes
MG,Tiros
MG,Tocantins
MG,Tocos do Moji
MG,Toledo
MG,Tombos
MG,Três Corações
MG,Três Pontas
MG,Tupaciguara
MG,Turvolândia
MG,Ubá
MG,Ubaporanga
MG,Uberaba
MG,Uberlândia
MG,Urucânia
MG,Vargem Alegre
MG,Vargem Bonita
MG,Varginha
MG,Venceslau Brás
MG,Vermelho Novo
MG,Vespasiano
MG,Viçosa
MG,Vieiras
MG,Virgínia
MG,Virginópolis
MG,Visconde do Rio Branco
MG,Volta Grande
RJ,Aperibé
RJ,Araruama
RJ,Areal
RJ,Armação dos Búzios
RJ,Arraial do Cabo
RJ,Barra do Piraí
RJ,Barra Mansa
RJ,Bom Jardim
RJ,Bom Jesus do Itabapoana
RJ,Cabo Frio
RJ,Cachoeiras de Macacu
RJ,Cambuci
RJ,Campos dos Goytacazes
RJ,Cantagalo
RJ,Carapebus
RJ,Cardoso Moreira
RJ,Carmo
RJ,Casimiro de Abreu
RJ,Comendador Levy Gasparian
RJ,Conceição de Macabu
RJ,Cordeiro
RJ,Duas Barras
RJ,Engenheiro Paulo de Frontin
RJ,Iguaba Grande
RJ,Italva
RJ,Itaocara
RJ,Itaperuna
RJ,Itatiaia
RJ,Laje do Muriaé
RJ,Macaé
RJ,Macuco
RJ,Maricá
RJ,Mendes
RJ,Miguel Pereira
RJ,Miracema
RJ,Natividade
RJ,Nova Friburgo
RJ,Paraíba do Sul
RJ,Paty do Alferes
RJ,Petrópolis
RJ,Pinheiral
RJ,Piraí
RJ,Porciúncula
RJ,Porto Real
RJ,Quatis
RJ,Quissamã
RJ,Resende
RJ,Rio Bonito
RJ,Rio Claro
RJ,Rio das Flores
RJ,Rio das Ostras
RJ,Santa Maria Madalena
RJ,Santo Antônio de Pádua
RJ,São Fidélis
RJ,São Francisco de Itabapoana
RJ,São João da Barra
RJ,São José de Ubá
RJ,São José do Vale do Rio Preto
RJ,São Pedro da Aldeia
RJ,São Sebastião do Alto
RJ,Sapucaia
RJ,Saquarema
RJ,Silva Jardim
RJ,Sumidouro
RJ,Teresópolis
RJ,Trajano de Moraes
RJ,Três Rios
RJ,Valença
RJ,Varre-Sai
RJ,Vassouras
RJ,Volta Redonda
ES,Afonso Cláudio
ES,Águia Branca
ES,Alegre
ES,Alfredo Chaves
ES,Alto Rio Novo
ES,Anchieta
ES,Apiacá
ES,Aracruz
ES,Atílio Vivácqua
ES,Baixo Guandu
ES,Barra de São Francisco
ES,Boa Esperança
ES,Bom Jesus do Norte
ES,Brejetuba
ES,Cachoeiro de Itapemirim
ES,Cariacica
ES,Castelo
ES,Colatina
ES,Conceição da Barra
ES,Conceição do Castelo
ES,Divino de São Lourenço
ES,Domingos Martins
ES,Dores do Rio Preto
ES,Ecoporanga
ES,Fundão
ES,Governador Lindenberg
ES,Guaçuí
ES,Guarapari
ES,Ibatiba
ES,Ibiraçu
ES,Ibitirama
ES,Iconha
ES,Irupi
ES,Itaguaçu
ES,Itapemirim
ES,Itarana
ES,Iúna
ES,Jaguaré
ES,Jerônimo Monteiro
ES,João Neiva
ES,Laranja da Terra
ES,Linhares
ES,Mantenópolis
ES,Marataízes
ES,Marechal Floriano
ES,Marilândia
ES,Mimoso do Sul
ES,Montanha
ES,Mucurici
ES,Muniz Freire
ES,Muqui
ES,Nova Venécia
ES,Pancas
ES,Pedro Canário
ES,Pinheiros
ES,Piúma
ES,Ponto Belo
ES,Presidente Kennedy
ES,Rio Bananal
ES,Rio Novo do Sul
ES,Santa Leopoldina
ES,Santa Maria de Jetibá
ES,Santa Teresa
ES,São Domingos do Norte
ES,São Gabriel da Palha
ES,São José do Calçado
ES,São Mateus
ES,São Roque do Canaã
ES,Serra
ES,Sooretama
ES,Vargem Alta
ES,Venda Nova do Imigrante
ES,Viana
ES,Vila Pavão
ES,Vila Valério
ES,Vila Velha
ES,Vitória
Norte/Nordeste/Centro-Oeste,Aracaju
Norte/Nordeste/Centro-Oeste,Belém
Norte/Nordeste/Centro-Oeste,Boa Vista
Norte/Nordeste/Centro-Oeste,Brasilia
Norte/Nordeste/Centro-Oeste,Campinas
Norte/Nordeste/Centro-Oeste,Campo Grande
Norte/Nordeste/Centro-Oeste,Carajás
Norte/Nordeste/Centro-Oeste,Caxias Do Sul
Norte/Nordeste/Centro-Oeste,Chapecó
Norte/Nordeste/Centro-Oeste,Confins - Lagoa Santa
Norte/Nordeste/Centro-Oeste,Cuiabá
Norte/Nordeste/Centro-Oeste,Curitiba
Norte/Nordeste/Centro-Oeste,Florianópolis
Norte/Nordeste/Centro-Oeste,Fortaleza
Norte/Nordeste/Centro-Oeste,Foz Do Iguaçu
Norte/Nordeste/Centro-Oeste,Goiânia
Norte/Nordeste/Centro-Oeste,Guarulhos
Norte/Nordeste/Centro-Oeste,Ilheus
Norte/Nordeste/Centro-Oeste,João Pessoa
Norte/Nordeste/Centro-Oeste,Joinville
Norte/Nordeste/Centro-Oeste,Juazeiro Do Norte
Norte/Nordeste/Centro-Oeste,Juiz de Fora
Norte/Nordeste/Centro-Oeste,Macapá
Norte/Nordeste/Centro-Oeste,Maceió
Norte/Nordeste/Centro-Oeste,Manaus
Norte/Nordeste/Centro-Oeste,Marabá
Norte/Nordeste/Centro-Oeste,Montes Claros
Norte/Nordeste/Centro-Oeste,Natal
Norte/Nordeste/Centro-Oeste,Navegantes
Norte/Nordeste/Centro-Oeste,Palmas
Norte/Nordeste/Centro-Oeste,Pelotas
Norte/Nordeste/Centro-Oeste,Petrolina
Norte/Nordeste/Centro-Oeste,Porto Alegre
Norte/Nordeste/Centro-Oeste,Porto Seguro
Norte/Nordeste/Centro-Oeste,Porto Velho
Norte/Nordeste/Centro-Oeste,Presidente Prudente
Norte/Nordeste/Centro-Oeste,Recife
Norte/Nordeste/Centro-Oeste,Rio De Janeiro - Galeão
Norte/Nordeste/Centro-Oeste,Rio De Janeiro - Santos Dumont
Norte/Nordeste/Centro-Oeste,Salvador
Norte/Nordeste/Centro-Oeste,Santarém
Norte/Nordeste/Centro-Oeste,Sao Luis
Norte/Nordeste/Centro-Oeste,São Paulo (Congonhas)
