cidade,uf,prazo_dias_uteis
ACRELANDIA,AC,27
ASSIS BRASIL,AC,25
BRASILEIA,AC,22
BUJARI,AC,27
CAPIXABA,AC,27
CRUZEIRO DO SUL,AC,27
EPITACIOLANDIA,AC,27
FEIJO,AC,27
JORDAO,AC,22
MANCIO LIMA,AC,22
MANOEL URBANO,AC,27
MARECHAL THAUMATURGO,AC,27
PLACIDO DE CASTRO,AC,22
PORTO ACRE,AC,27
PORTO WALTER,AC,27
RIO BRANCO,AC,15
RODRIGUES ALVES,AC,27
SANTA ROSA DO PURUS,AC,27
SENA MADUREIRA,AC,27
SENADOR GUIOMARD,AC,22
TARAUACA,AC,22
XAPURI,AC,22
AGUA BRANCA,AL,14
ANADIA,AL,14
ARAPIRACA,AL,14
ATALAIA,AL,14
BARRA DE SANTO ANTONIO,AL,14
BARRA DE SAO MIGUEL,AL,14
BATALHA,AL,14
BELEM,AL,14
BELO MONTE,AL,14
BOCA DA MATA,AL,14
BRANQUINHA,AL,14
CACIMBINHAS,AL,14
CAJUEIRO,AL,14
CAMPESTRE,AL,14
CAMPO ALEGRE,AL,14
CAMPO GRANDE,AL,14
CANAPI,AL,14
CAPELA,AL,14
CARNEIROS,AL,14
CHA PRETA,AL,14
COITE DO NOIA,AL,14
COLONIA LEOPOLDINA,AL,14
COQUEIRO SECO,AL,14
CORURIPE,AL,14
CRAIBAS,AL,14
DELMIRO GOUVEIA,AL,14
DOIS RIACHOS,AL,14
ESTRELA DE ALAGOAS,AL,14
FEIRA GRANDE,AL,14
FELIZ DESERTO,AL,14
FLEXEIRAS,AL,14
GIRAU DO PONCIANO,AL,14
IBATEGUARA,AL,14
IGACI,AL,14
IGREJA NOVA,AL,14
INHAPI,AL,14
JACARE DOS HOMENS,AL,14
JACUIPE,AL,14
JAPARATINGA,AL,14
JARAMATAIA,AL,14
JEQUIA DA PRAIA,AL,14
JOAQUIM GOMES,AL,14
JUNDIA,AL,14
JUNQUEIRO,AL,14
LAGOA DA CANOA,AL,14
LIMOEIRO DE ANADIA,AL,14
MACEIO,AL,10
MAJOR ISIDORO,AL,14
MAR VERMELHO,AL,14
MARAGOGI,AL,14
MARAVILHA,AL,14
MARECHAL DEODORO,AL,14
MARIBONDO,AL,14
MATA GRANDE,AL,14
MATRIZ DE CAMARAGIBE,AL,14
MESSIAS,AL,14
MINADOR DO NEGRAO,AL,14
MONTEIROPOLIS,AL,14
MURICI,AL,14
NOVO LINO,AL,14
OLHO D AGUA DAS FLORES,AL,14
OLHO D AGUA DO CASADO,AL,14
OLHO D AGUA GRANDE,AL,14
OLHO DAGUA DOS DANDANHAS,AL,14
OLIVENCA,AL,14
OURO BRANCO,AL,14
PALESTINA,AL,14
PALMEIRA DOS INDIOS,AL,14
PAO DE ACUCAR,AL,14
PARICONHA,AL,14
PARIPUEIRA,AL,14
PASSO DE CAMARAGIBE,AL,14
PAULO JACINTO,AL,14
PENEDO,AL,14
PIACABUCU,AL,14
PILAR,AL,14
PINDOBA,AL,14
PIRANHAS,AL,14
POCO DAS TRINCHEIRAS,AL,14
PORTO CALVO,AL,14
PORTO DE PEDRAS,AL,14
PORTO REAL DO COLEGIO,AL,14
QUEBRANGULO,AL,14
RIO LARGO,AL,14
ROTEIRO,AL,14
SANTA LUZIA DO NORTE,AL,14
SANTANA DO IPANEMA,AL,14
SANTANA DO MUNDAU,AL,14
SAO BRAS,AL,14
SAO JOSE DA LAJE,AL,14
SAO JOSE DA TAPERA,AL,14
SAO LUIS DO QUITUNDE,AL,14
SAO MIGUEL DOS CAMPOS,AL,14
SAO MIGUEL DOS MILAGRES,AL,14
SAO SEBASTIAO,AL,14
SATUBA,AL,14
SENADOR RUI PALMEIRA,AL,14
TANQUE D ARCA,AL,14
TAQUARANA,AL,14
TEOTONIO VILELA,AL,14
TRAIPU,AL,14
UNIAO DOS PALMARES,AL,14
VICOSA,AL,14
ALVARAES,AM,32
AMATURA,AM,32
ANAMA,AM,32
ANORI,AM,32
APUI,AM,32
ATALAIA DO NORTE,AM,32
AUTAZES,AM,32
BARCELOS,AM,32
BARREIRINHA,AM,32
BENJAMIN CONSTANT,AM,32
BERURI,AM,32
BOA VISTA DO RAMOS,AM,32
BOCA DO ACRE,AM,32
BORBA,AM,32
CAAPIRANGA,AM,32
CANUTAMA,AM,32
CARAUARI,AM,32
CAREIRO,AM,32
CAREIRO DA VARZEA,AM,32
COARI,AM,32
CODAJAS,AM,32
EIRUNEPE,AM,32
ENVIRA,AM,32
FONTE BOA,AM,32
GUAJARA,AM,32
HUMAITA,AM,32
IPIXUNA,AM,32
IRANDUBA,AM,32
ITACOATIARA,AM,32
ITAMARATI,AM,32
ITAPIRANGA,AM,32
JAPURA,AM,32
JURUA,AM,32
JUTAI,AM,32
LABREA,AM,32
MANACAPURU,AM,32
MANAQUIRI,AM,32
MANAUS,AM,24
MANICORE,AM,32
MARAA,AM,32
MAUES,AM,24
NHAMUNDA,AM,24
NOVA OLINDA DO NORTE,AM,32
NOVO AIRAO,AM,32
NOVO ARIPUANA,AM,32
PARINTINS,AM,32
PAUINI,AM,32
PRESIDENTE FIGUEIREDO,AM,32
RIO PRETO DA EVA,AM,32
SANTA ISABEL DO RIO NEGRO,AM,32
SANTO ANTONIO DO ICA,AM,32
SAO GABRIEL DA CACHOEIRA,AM,32
SAO PAULO DE OLIVENCA,AM,32
SAO SEBASTIAO DO UATUMA,AM,32
SILVES,AM,32
TABATINGA,AM,32
TAPAUA,AM,32
TEFE,AM,32
TONANTINS,AM,32
UARINI,AM,32
URUCARA,AM,32
URUCURITUBA,AM,32
AGUA BRANCA DO AMAPARI,AP,26
AMAPA,AP,26
CALCOENE,AP,26
CUTIAS,AP,26
FERREIRA GOMES,AP,26
ITAUBAL,AP,26
LARANJAL DO JARI,AP,26
MACAPA,AP,19
MAZAGAO,AP,26
OIAPOQUE,AP,26
PEDRA BRANCA DO AMAPARI,AP,26
PORTO GRANDE,AP,26
PRACUUBA,AP,26
SANTANA,AP,19
SERRA DO NAVIO,AP,26
TARTARUGALZINHO,AP,26
VITORIA DO JARI,AP,26
ABADIA,BA,14
ABAIRA,BA,14
ABARE,BA,14
ACAJUTIBA,BA,14
ADUSTINA,BA,14
AGUA FRIA,BA,14
AIQUARA,BA,14
ALAGOINHAS,BA,14
ALCOBACA,BA,14
ALMADINA,BA,14
AMARGOSA,BA,14
AMELIA RODRIGUES,BA,14
AMERICA DOURADA,BA,14
ANAGE,BA,14
ANDARAI,BA,14
ANDORINHA,BA,14
ANGICAL,BA,14
ANGUERA,BA,14
ANTAS,BA,14
ANTONIO CARDOSO,BA,14
ANTONIO GONCALVES,BA,14
APORA,BA,14
APUAREMA,BA,14
ARACAS,BA,14
ARACATU,BA,14
ARACI,BA,14
ARAMARI,BA,14
ARATACA,BA,14
ARATUIPE,BA,14
AURELINO LEAL,BA,12
BAIANOPOLIS,BA,14
BAIXA GRANDE,BA,14
BANZAE,BA,14
BARRA,BA,14
BARRA DA ESTIVA,BA,14
BARRA DO CHOCA,BA,14
BARRA DO MENDES,BA,14
BARRA DO ROCHA,BA,14
BARREIRAS,BA,14
BARRO ALTO,BA,14
BARRO PRETO,BA,14
BARROCAS,BA,14
BELMONTE,BA,14
BELO CAMPO,BA,14
BIRITINGA,BA,14
BOA NOVA,BA,14
BOA VISTA DO TUPIM,BA,14
BOM JESUS DA LAPA,BA,14
BOM JESUS DA SERRA,BA,14
BONINAL,BA,14
BONITO,BA,14
BOQUIRA,BA,14
BOTUPORA,BA,14
BREJOES,BA,14
BREJOLANDIA,BA,14
BROTAS DE MACAUBAS,BA,14
BRUMADO,BA,14
BUERAREMA,BA,14
BURITIRAMA,BA,14
CAATIBA,BA,14
CABACEIRAS DO PARAGUACU,BA,14
CACHOEIRA,BA,14
CACULE,BA,14
CAEM,BA,14
CAETANOS,BA,14
CAETE-ACU,BA,14
CAETITE,BA,14
CAFARNAUM,BA,14
CAIRU,BA,14
CALDAS DO JORRO,BA,14
CALDEIRAO GRANDE,BA,14
CAMACAN,BA,14
CAMACARI,BA,14
CAMAMU,BA,14
CAMPO ALEGRE DE LOURDES,BA,14
CAMPO FORMOSO,BA,14
CANAPOLIS,BA,14
CANARANA,BA,14
CANAVIEIRAS,BA,14
CANDEAL,BA,14
CANDEIAS,BA,14
CANDIBA,BA,14
CANDIDO SALES,BA,14
CANSANCAO,BA,14
CANUDOS,BA,14
CAPELA DO ALTO ALEGRE,BA,14
CAPIM GROSSO,BA,14
CARAIBAS,BA,14
CARAVELAS,BA,14
CARDEAL DA SILVA,BA,14
CARINHANHA,BA,14
CASA NOVA,BA,14
CASTRO ALVES,BA,14
CATOLANDIA,BA,14
CATU,BA,14
CATURAMA,BA,14
CENTRAL,BA,14
CHORROCHO,BA,14
CICERO DANTAS,BA,14
CIPO,BA,14
COARACI,BA,14
COCOS,BA,14
CONCEICAO DA FEIRA,BA,14
CONCEICAO DO ALMEIDA,BA,14
CONCEICAO DO COITE,BA,14
CONCEICAO DO JACUIPE,BA,14
CONDE,BA,14
CONDEUBA,BA,14
CONTENDAS DO SINCORA,BA,14
CORACAO DE MARIA,BA,14
CORDEIROS,BA,14
CORIBE,BA,14
CORONEL JOAO SA,BA,14
CORRENTINA,BA,14
COTEGIPE,BA,14
CRAVOLANDIA,BA,14
CRISOPOLIS,BA,14
CRISTOPOLIS,BA,14
CRUZ DAS ALMAS,BA,14
CURACA,BA,14
DARIO MEIRA,BA,14
DIAS D AVILA,BA,14
DOM BASILIO,BA,14
DOM MACEDO COSTA,BA,14
ELISIO MEDRADO,BA,14
ENCRUZILHADA,BA,14
ENTRE RIOS,BA,14
ERICO CARDOSO,BA,14
ESPLANADA,BA,14
EUCLIDES DA CUNHA,BA,14
EUNAPOLIS,BA,14
FATIMA,BA,14
FEIRA DA MATA,BA,14
FEIRA DE SANTANA,BA,14
FILADELFIA,BA,14
FIRMINO ALVES,BA,14
FLORESTA AZUL,BA,14
FORMOSA DO RIO PRETO,BA,14
GANDU,BA,14
GAVIAO,BA,14
GENTIO DO OURO,BA,14
GLORIA,BA,14
GONGOGI,BA,14
GOVERNADOR MANGABEIRA,BA,14
GUAJERU,BA,14
GUANAMBI,BA,14
GUARATINGA,BA,14
HELIOPOLIS,BA,14
IACU,BA,14
IBIASSUCE,BA,14
IBICARAI,BA,14
IBICOARA,BA,14
IBICUI,BA,14
IBIPEBA,BA,14
IBIPITANGA,BA,14
IBIQUERA,BA,14
IBIRAPITANGA,BA,14
IBIRAPUA,BA,14
IBIRATAIA,BA,14
IBITIARA,BA,14
IBITITA,BA,14
IBOTIRAMA,BA,14
ICHU,BA,14
IGAPORA,BA,14
IGRAPIUNA,BA,14
IGUAI,BA,14
ILHEUS,BA,14
INHAMBUPE,BA,14
INHAUMAS,BA,14
IPECAETA,BA,14
IPIAU,BA,14
IPIRA,BA,14
IPUPIARA,BA,14
IRAJUBA,BA,14
IRAMAIA,BA,14
IRAQUARA,BA,14
IRARA,BA,14
IRECE,BA,14
ITABELA,BA,14
ITABERABA,BA,12
ITABUNA,BA,14
ITACARE,BA,14
ITAETE,BA,14
ITAGI,BA,14
ITAGIBA,BA,14
ITAGIMIRIM,BA,14
ITAGUACU DA BAHIA,BA,14
ITAJU DO COLONIA,BA,14
ITAJUIPE,BA,14
ITAMARAJU,BA,14
ITAMARI,BA,14
ITAMBE,BA,14
ITAMIRA,BA,14
ITANAGRA,BA,14
ITANHEM,BA,14
ITAPARICA,BA,14
ITAPE,BA,14
ITAPEBI,BA,14
ITAPETINGA,BA,14
ITAPICURU,BA,14
ITAPITANGA,BA,14
ITAQUARA,BA,14
ITARANTIM,BA,14
ITATIM,BA,14
ITIRUCU,BA,14
ITIUBA,BA,14
ITORORO,BA,14
ITUACU,BA,14
ITUBERA,BA,14
IUIU,BA,14
JABORANDI,BA,14
JACARACI,BA,14
JACOBINA,BA,14
JAGUAQUARA,BA,14
JAGUARARI,BA,14
JAGUARIPE,BA,14
JANDAIRA,BA,14
JEQUIE,BA,14
JEREMOABO,BA,14
JIQUIRICA,BA,14
JITAUNA,BA,14
JOAO AMARO,BA,14
JOAO DOURADO,BA,14
JUAZEIRO,BA,14
JUCURUCU,BA,14
JUSSARA,BA,14
JUSSARI,BA,14
JUSSIAPE,BA,14
LAFAIETE COUTINHO,BA,14
LAGOA GRANDE,BA,14
LAGOA REAL,BA,14
LAJE,BA,14
LAJEDAO,BA,14
LAJEDINHO,BA,14
LAJEDO DO TABOCAL,BA,14
LAMARAO,BA,14
LAPAO,BA,14
LAURO DE FREITAS,BA,14
LENCOIS,BA,14
LICINIO DE ALMEIDA,BA,14
LIVRAMENTO DE NOSSA SENHORA,BA,14
LUIS EDUARDO MAGALHAES,BA,14
MACAJUBA,BA,14
MACARANI,BA,14
MACAUBAS,BA,14
MACURURE,BA,14
MADRE DE DEUS,BA,14
MAETINGA,BA,14
MAIQUINIQUE,BA,14
MAIRI,BA,14
MALHADA,BA,14
MALHADA DE PEDRAS,BA,14
MANOEL VITORINO,BA,14
MANSIDAO,BA,14
MARACAS,BA,14
MARAGOGIPE,BA,14
MARAU,BA,14
MARCIONILIO SOUZA,BA,14
MASCOTE,BA,14
MATA DE SAO JOAO,BA,14
MATINA,BA,14
MEDEIROS NETO,BA,14
MIGUEL CALMON,BA,14
MILAGRES,BA,14
MIRANGABA,BA,14
MIRANTE,BA,14
MONTE SANTO,BA,14
MORPARA,BA,14
MORRO DO CHAPEU,BA,14
MORTUGABA,BA,14
MUCUGE,BA,14
MUCURI,BA,14
MULUNGU DO MORRO,BA,14
MUNDO NOVO,BA,14
MUNIZ FERREIRA,BA,14
MUQUEM DE SAO FRANCISCO,BA,14
MURITIBA,BA,14
MUTUIPE,BA,14
NAZARE,BA,14
NILO PECANHA,BA,14
NORDESTINA,BA,14
NOVA CANAA,BA,14
NOVA FATIMA,BA,14
NOVA IBIA,BA,14
NOVA ITARANA,BA,14
NOVA REDENCAO,BA,14
NOVA SOURE,BA,14
NOVA VICOSA,BA,14
NOVO HORIZONTE,BA,14
NOVO TRIUNFO,BA,14
OLINDINA,BA,14
OLIVEIRA DOS BREJINHOS,BA,14
OURICANGAS,BA,14
OUROLANDIA,BA,14
PALMAS DE MONTE ALTO,BA,14
PALMEIRAS,BA,14
PARAMIRIM,BA,14
PARATINGA,BA,14
PARIPIRANGA,BA,14
PAU BRASIL,BA,14
PAULO AFONSO,BA,14
PE DE SERRA,BA,14
PEDRAO,BA,14
PEDRO ALEXANDRE,BA,14
PIATA,BA,14
PILAO ARCADO,BA,14
PINDAI,BA,14
PINDOBACU,BA,14
PINTADAS,BA,14
PIRAI DO NORTE,BA,14
PIRIPA,BA,14
PIRITIBA,BA,14
PLANALTINO,BA,14
PLANALTO,BA,14
POCOES,BA,14
POJUCA,BA,14
PONTO NOVO,BA,14
PORTO SEGURO,BA,14
POSTO DA MATA,BA,14
POTIRAGUA,BA,14
PRADO,BA,14
PRESIDENTE DUTRA,BA,14
PRESIDENTE JANIO QUADROS,BA,14
PRESIDENTE TANCREDO NEVES,BA,14
QUEIMADAS,BA,14
QUIJINGUE,BA,14
QUIXABEIRA,BA,14
RAFAEL JAMBEIRO,BA,14
REMANSO,BA,14
RETIROLANDIA,BA,14
RIACHAO DAS NEVES,BA,14
RIACHAO DO JACUIPE,BA,14
RIACHO DE SANTANA,BA,14
RIBEIRA DO AMPARO,BA,14
RIBEIRA DO POMBAL,BA,14
RIBEIRAO DO LARGO,BA,14
RIO DE CONTAS,BA,14
RIO DO ANTONIO,BA,14
RIO DO PIRES,BA,14
RIO REAL,BA,14
RODELAS,BA,14
RUY BARBOSA,BA,14
SALINAS DA MARGARIDA,BA,14
SALOBRO,BA,14
SALVADOR,BA,8
SANTA BARBARA,BA,14
SANTA BRIGIDA,BA,14
SANTA CRUZ CABRALIA,BA,14
SANTA CRUZ DA VITORIA,BA,14
SANTA INES,BA,14
SANTA LUZIA,BA,14
SANTA MARIA DA VITORIA,BA,14
SANTA RITA DE CASSIA,BA,14
SANTA TERESINHA,BA,14
SANTALUZ,BA,14
SANTANA,BA,14
SANTANOPOLIS,BA,14
SANTO AMARO,BA,14
SANTO ANTONIO DE JESUS,BA,14
SANTO ESTEVAO,BA,14
SAO DESIDERIO,BA,14
SAO DOMINGOS,BA,14
SAO FELIPE,BA,14
SAO FELIX,BA,14
SAO FELIX DO CORIBE,BA,14
SAO FRANCISCO DO CONDE,BA,14
SAO GABRIEL,BA,14
SAO GONCALO DOS CAMPOS,BA,14
SAO JOSE DA VITORIA,BA,14
SAO JOSE DO JACUIPE,BA,14
SAO MIGUEL DAS MATAS,BA,14
SAO SEBASTIAO DO PASSE,BA,14
SAPEACU,BA,14
SATIRO DIAS,BA,14
SAUBARA,BA,14
SAUDE,BA,14
SEABRA,BA,14
SEBASTIAO LARANJEIRAS,BA,14
SENHOR DO BONFIM,BA,14
SENTO SE,BA,14
SERRA DO RAMALHO,BA,14
SERRA DOURADA,BA,14
SERRA PRETA,BA,14
SERRINHA,BA,14
SERROLANDIA,BA,14
SIMOES FILHO,BA,14
SITIO DO MATO,BA,14
SITIO DO QUINTO,BA,14
SOBRADINHO,BA,14
SOUTO SOARES,BA,14
SUSSUARANA,BA,14
TABOCAS DO BREJO VELHO,BA,14
TANHACU,BA,14
TANQUE NOVO,BA,14
TANQUINHO,BA,14
TAPEROA,BA,14
TAPIRAMUTA,BA,14
TEIXEIRA DE FREITAS,BA,14
TEODORO SAMPAIO,BA,14
TEOFILANDIA,BA,14
TEOLANDIA,BA,14
TERRA NOVA,BA,14
TREMEDAL,BA,14
TUCANO,BA,14
UAUA,BA,14
UBAIRA,BA,14
UBAITABA,BA,14
UBATA,BA,14
UIBAI,BA,14
UMBURANAS,BA,14
UNA,BA,14
URANDI,BA,14
URUCUCA,BA,14
UTINGA,BA,14
VALENCA,BA,14
VALENTE,BA,14
VARZEA DA ROCA,BA,14
VARZEA DO POCO,BA,14
VARZEA NOVA,BA,14
VARZEDO,BA,14
VERA CRUZ,BA,14
VEREDA,BA,14
VITORIA DA CONQUISTA,BA,14
WAGNER,BA,14
WANDERLEY,BA,14
WENCESLAU GUIMARAES,BA,14
XIQUE-XIQUE,BA,14
ABAIARA,CE,15
ACARAPE,CE,15
ACARAU,CE,15
ACOPIARA,CE,15
AIUABA,CE,15
ALCANTARAS,CE,15
ALTANEIRA,CE,15
ALTO SANTO,CE,15
AMONTADA,CE,15
ANTONINA DO NORTE,CE,15
APUIARES,CE,15
AQUIRAZ,CE,15
ARACATI,CE,15
ARACOIABA,CE,15
ARARENDA,CE,15
ARARIPE,CE,15
ARATUBA,CE,15
ARNEIROZ,CE,15
ASSARE,CE,15
AURORA,CE,15
BAIXIO,CE,15
BANABUIU,CE,15
BARBALHA,CE,15
BARREIRA,CE,15
BARRO,CE,15
BARROQUINHA,CE,15
BATURITE,CE,15
BEBERIBE,CE,15
BELA CRUZ,CE,15
BOA VIAGEM,CE,15
BREJO SANTO,CE,15
CAMOCIM,CE,15
CAMPOS SALES,CE,15
CANINDE,CE,15
CAPISTRANO,CE,15
CARIDADE,CE,15
CARIRE,CE,15
CARIRIACU,CE,15
CARIUS,CE,15
CARNAUBAL,CE,15
CASCAVEL,CE,15
CATARINA,CE,15
CATUNDA,CE,15
CAUCAIA,CE,15
CEDRO,CE,15
CHAVAL,CE,15
CHORO,CE,15
CHOROZINHO,CE,15
COREAU,CE,15
CRATEUS,CE,15
CRATO,CE,15
CROATA,CE,15
CRUZ,CE,15
DEPUTADO IRAPUAN PINHEIRO,CE,15
ERERE,CE,15
EUSEBIO,CE,15
FARIAS BRITO,CE,15
FELIZARDO,CE,15
FORQUILHA,CE,15
FORTALEZA,CE,12
FORTIM,CE,15
FRECHEIRINHA,CE,15
GENERAL SAMPAIO,CE,15
GRACA,CE,15
GRANJA,CE,15
GRANJEIRO,CE,15
GROAIRAS,CE,15
GUAIUBA,CE,15
GUARACIABA DO NORTE,CE,15
GUARAMIRANGA,CE,15
HIDROLANDIA,CE,15
HORIZONTE,CE,15
IBARETAMA,CE,15
IBIAPINA,CE,15
IBICUITINGA,CE,15
ICAPUI,CE,15
ICO,CE,15
IGUATU,CE,15
INDEPENDENCIA,CE,15
IPAPORANGA,CE,15
IPAUMIRIM,CE,15
IPU,CE,15
IPUEIRAS,CE,15
IRACEMA,CE,15
IRAUCUBA,CE,15
ITAICABA,CE,15
ITAITINGA,CE,15
ITAPAJE,CE,15
ITAPIPOCA,CE,15
ITAPIUNA,CE,15
ITAREMA,CE,15
ITATIRA,CE,15
JAGUARETAMA,CE,15
JAGUARIBARA,CE,15
JAGUARIBE,CE,15
JAGUARUANA,CE,15
JARDIM,CE,15
JATI,CE,15
JIJOCA DE JERICOACOARA,CE,15
JUAZEIRO DO NORTE,CE,15
JUCAS,CE,15
LAVRAS DA MANGABEIRA,CE,15
LIMOEIRO DO NORTE,CE,15
MADALENA,CE,15
MARACANAU,CE,15
MARANGUAPE,CE,15
MARCO,CE,15
MARTINOPOLE,CE,15
MASSAPE,CE,15
MAURITI,CE,15
MERUOCA,CE,15
MILAGRES,CE,15
MILHA,CE,15
MINEIROLANDIA,CE,15
MIRAIMA,CE,15
MISSAO VELHA,CE,15
MOMBACA,CE,15
MONSENHOR TABOSA,CE,15
MORADA NOVA,CE,15
MORAUJO,CE,15
MORRINHOS,CE,15
MUCAMBO,CE,15
MULUNGU,CE,15
NOVA OLINDA,CE,15
NOVA RUSSAS,CE,15
NOVO ORIENTE,CE,15
OCARA,CE,15
OROS,CE,15
PACAJUS,CE,15
PACATUBA,CE,15
PACOTI,CE,15
PACUJA,CE,15
PALHANO,CE,15
PALMACIA,CE,15
PARACURU,CE,15
PARAIPABA,CE,15
PARAMBU,CE,15
PARAMOTI,CE,15
PEDRA BRANCA,CE,15
PENAFORTE,CE,15
PENTECOSTE,CE,15
PEREIRO,CE,15
PINDORETAMA,CE,15
PIQUET CARNEIRO,CE,15
PIRES FERREIRA,CE,15
PORANGA,CE,15
PORTEIRAS,CE,15
POTENGI,CE,15
POTIRETAMA,CE,15
QUITERIANOPOLIS,CE,15
QUIXADA,CE,15
QUIXELO,CE,15
QUIXERAMOBIM,CE,15
QUIXERE,CE,15
REDENCAO,CE,15
RERIUTABA,CE,15
RUSSAS,CE,15
SABOEIRO,CE,15
SALITRE,CE,15
SANTA QUITERIA,CE,15
SANTANA DO ACARAU,CE,15
SANTANA DO CARIRI,CE,15
SAO BENEDITO,CE,15
SAO GONCALO DO AMARANTE,CE,15
SAO JOAO DO JAGUARIBE,CE,15
SAO LUIS DO CURU,CE,15
SAO PAULO,CE,15
SENADOR POMPEU,CE,15
SENADOR SA,CE,15
SOBRAL,CE,15
SOLONOPOLE,CE,15
TABULEIRO DO NORTE,CE,15
TAMBORIL,CE,15
TARRAFAS,CE,15
TAUA,CE,15
TEJUCUOCA,CE,15
TIANGUA,CE,15
TRAIRI,CE,15
TURURU,CE,15
UBAJARA,CE,15
UMARI,CE,15
UMIRIM,CE,15
URUBURETAMA,CE,15
URUOCA,CE,15
VARJOTA,CE,15
VARZEA ALEGRE,CE,15
VICOSA DO CEARA,CE,15
BRASILIA,DF,6
BRASILIA (CEILANDIA),DF,6
BRASILIA (CRUZEIRO),DF,6
BRASILIA (GUARA),DF,6
BRASILIA (TAGUATINGA),DF,6
CANDANGOLANDIA,DF,6
GAMA,DF,6
LAGO NORTE,DF,6
LAGO SUL,DF,6
NUCLEO BANDEIRANTE,DF,6
PARANOA,DF,6
PLANALTINA,DF,7
RIACHO FUNDO,DF,6
SAMAMBAIA,DF,6
SAO SEBASTIAO,DF,6
SOBRADINHO,DF,6
ABADIA DE GOIAS,GO,8
ABADIANIA,GO,8
ACREUNA,GO,8
ADELANDIA,GO,8
AGUA FRIA DE GOIAS,GO,8
AGUA LIMPA,GO,8
AGUAS LINDAS DE GOIAS,GO,8
ALEXANIA,GO,8
ALOANDIA,GO,8
ALTO HORIZONTE,GO,8
ALTO PARAISO DE GOIAS,GO,8
ALVORADA DO NORTE,GO,8
AMARALINA,GO,8
AMERICANO DO BRASIL,GO,8
AMORINOPOLIS,GO,8
ANAPOLIS,GO,7
ANHANGUERA,GO,8
ANICUNS,GO,8
APARECIDA DE GOIANIA,GO,6
APARECIDA DO RIO DOCE,GO,8
APORE,GO,8
ARACU,GO,8
ARAGARCAS,GO,8
ARAGOIANIA,GO,8
ARAGUAPAZ,GO,8
ARENOPOLIS,GO,8
ARUANA,GO,8
AURILANDIA,GO,8
AVELINOPOLIS,GO,8
BALIZA,GO,8
BARRO ALTO,GO,8
BELA VISTA DE GOIAS,GO,8
BOM JARDIM DE GOIAS,GO,8
BOM JESUS,GO,8
BONFINOPOLIS,GO,8
BONOPOLIS,GO,8
BRAZABRANTES,GO,8
BRITANIA,GO,8
BURITI ALEGRE,GO,8
BURITI DE GOIAS,GO,8
BURITINOPOLIS,GO,8
CABECEIRAS,GO,8
CACHOEIRA ALTA,GO,8
CACHOEIRA DE GOIAS,GO,8
CACHOEIRA DOURADA,GO,8
CACU,GO,8
CAIAPONIA,GO,8
CALCILANDIA,GO,8
CALDAS NOVAS,GO,8
CALDAZINHA,GO,8
CAMPESTRE DE GOIAS,GO,8
CAMPINACU,GO,8
CAMPINORTE,GO,8
CAMPO ALEGRE DE GOIAS,GO,8
CAMPO LIMPO DE GOIAS,GO,8
CAMPOS BELOS,GO,8
CAMPOS VERDES,GO,8
CARMO DO RIO VERDE,GO,8
CASTELANDIA,GO,8
CATALAO,GO,8
CATURAI,GO,8
CAVALCANTE,GO,8
CERES,GO,8
CEZARINA,GO,8
CHAPADAO DO CEU,GO,8
CIDADE OCIDENTAL,GO,8
COCALZINHO DE GOIAS,GO,8
COLINAS DO SUL,GO,8
CORREGO DO OURO,GO,8
CORUMBA DE GOIAS,GO,8
CORUMBAIBA,GO,8
CRISTALINA,GO,8
CRISTIANOPOLIS,GO,8
CRIXAS,GO,8
CROMINIA,GO,8
CUMARI,GO,8
DAMIANOPOLIS,GO,8
DAMOLANDIA,GO,8
DAVINOPOLIS,GO,8
DIORAMA,GO,8
DIVINOPOLIS DE GOIAS,GO,8
DOVERLANDIA,GO,8
EDEALINA,GO,8
EDEIA,GO,8
ESTRELA DO NORTE,GO,8
FAINA,GO,8
FAZENDA NOVA,GO,8
FIRMINOPOLIS,GO,8
FLORES DE GOIAS,GO,8
FORMOSA,GO,8
FORMOSO,GO,8
GAMELEIRA DE GOIAS,GO,8
GOIANAPOLIS,GO,7
GOIANDIRA,GO,8
GOIANESIA,GO,8
GOIANIA,GO,6
GOIANIRA,GO,8
GOIAS,GO,8
GOIATUBA,GO,8
GOUVELANDIA,GO,8
GUAPO,GO,8
GUARAITA,GO,8
GUARANI DE GOIAS,GO,8
GUARINOS,GO,8
HEITORAI,GO,8
HIDROLANDIA,GO,8
HIDROLINA,GO,8
IACIARA,GO,8
INACIOLANDIA,GO,8
INDIARA,GO,8
INHUMAS,GO,8
IPAMERI,GO,8
IPIRANGA DE GOIAS,GO,8
IPORA,GO,8
ISRAELANDIA,GO,8
ITABERAI,GO,8
ITAGUARI,GO,8
ITAGUARU,GO,8
ITAJA,GO,8
ITAPACI,GO,8
ITAPIRAPUA,GO,8
ITAPURANGA,GO,8
ITARUMA,GO,8
ITAUCU,GO,8
ITUMBIARA,GO,8
IVOLANDIA,GO,8
JANDAIA,GO,8
JARAGUA,GO,8
JATAI,GO,8
JAUPACI,GO,8
JESUPOLIS,GO,8
JOVIANIA,GO,8
JUSSARA,GO,8
LAGOA SANTA,GO,8
LEOPOLDO DE BULHOES,GO,8
LUZIANIA,GO,8
MAIRIPOTABA,GO,8
MAMBAI,GO,8
MARA ROSA,GO,8
MARZAGAO,GO,8
MATRINCHA,GO,8
MAURILANDIA,GO,8
MIMOSO DE GOIAS,GO,8
MINACU,GO,8
MINEIROS,GO,8
MOIPORA,GO,8
MONTE ALEGRE DE GOIAS,GO,8
MONTES CLAROS DE GOIAS,GO,8
MONTIVIDIU,GO,8
MONTIVIDIU DO NORTE,GO,8
MORRINHOS,GO,8
MORRO AGUDO DE GOIAS,GO,8
MOSSAMEDES,GO,8
MOZARLANDIA,GO,8
MUNDO NOVO,GO,8
MUTUNOPOLIS,GO,8
NAZARIO,GO,8
NEROPOLIS,GO,8
NIQUELANDIA,GO,8
NOVA AMERICA,GO,8
NOVA AURORA,GO,8
NOVA CRIXAS,GO,8
NOVA GLORIA,GO,8
NOVA IGUACU DE GOIAS,GO,8
NOVA ROMA,GO,8
NOVA VENEZA,GO,8
NOVO BRASIL,GO,8
NOVO GAMA,GO,8
NOVO PLANALTO,GO,8
ORIZONA,GO,8
OURO VERDE DE GOIAS,GO,8
OUVIDOR,GO,8
PADRE BERNARDO,GO,8
PALESTINA DE GOIAS,GO,8
PALMEIRAS DE GOIAS,GO,8
PALMELO,GO,8
PALMINOPOLIS,GO,8
PANAMA,GO,8
PARANAIGUARA,GO,8
PARAUNA,GO,8
PEROLANDIA,GO,8
PETROLINA DE GOIAS,GO,8
PILAR DE GOIAS,GO,8
PIRACANJUBA,GO,8
PIRANHAS,GO,8
PIRENOPOLIS,GO,8
PIRES DO RIO,GO,8
PLANALTINA,GO,8
PONTALINA,GO,8
PORANGATU,GO,8
PORTEIRAO,GO,8
PORTELANDIA,GO,8
POSSE,GO,8
PROFESSOR JAMIL,GO,8
QUIRINOPOLIS,GO,8
RIALMA,GO,8
RIANAPOLIS,GO,8
RIO QUENTE,GO,8
RIO VERDE,GO,8
ROSALANDIA,GO,8
RUBIATABA,GO,8
SANCLERLANDIA,GO,8
SANTA BARBARA DE GOIAS,GO,8
SANTA CRUZ DE GOIAS,GO,8
SANTA FE DE GOIAS,GO,8
SANTA HELENA DE GOIAS,GO,8
SANTA ISABEL,GO,8
SANTA RITA DO ARAGUAIA,GO,8
SANTA RITA DO NOVO DESTINO,GO,8
SANTA ROSA DE GOIAS,GO,8
SANTA TEREZA DE GOIAS,GO,8
SANTA TEREZINHA DE GOIAS,GO,8
SANTO ANTONIO DA BARRA,GO,8
SANTO ANTONIO DE GOIAS,GO,8
SANTO ANTONIO DO DESCOBERTO,GO,8
SAO DOMINGOS,GO,8
SAO FRANCISCO DE GOIAS,GO,8
SAO GABRIEL DE GOIAS,GO,8
SAO JOAO D ALIANCA,GO,8
SAO JOAO DA PARAUNA,GO,8
SAO LUIS DE MONTES BELOS,GO,8
SAO LUIZ DO NORTE,GO,8
SAO MIGUEL DO ARAGUAIA,GO,8
SAO MIGUEL DO PASSA QUATRO,GO,8
SAO PATRICIO,GO,8
SAO SIMAO,GO,8
SENADOR CANEDO,GO,6
SERRANOPOLIS,GO,8
SILVANIA,GO,8
SIMOLANDIA,GO,8
SITIO D ABADIA,GO,8
SOUZALANDIA,GO,8
TAQUARAL DE GOIAS,GO,8
TERESINA DE GOIAS,GO,8
TEREZOPOLIS DE GOIAS,GO,7
TRES RANCHOS,GO,8
TRINDADE,GO,6
TROMBAS,GO,8
TURVANIA,GO,8
TURVELANDIA,GO,8
UIRAPURU,GO,8
URUACU,GO,8
URUANA,GO,8
URUITA,GO,8
URUTAI,GO,8
VALPARAISO DE GOIAS,GO,8
VARJAO,GO,8
VIANOPOLIS,GO,8
VICENTINOPOLIS,GO,8
VILA BOA,GO,8
VILA PROPICIO,GO,8
ACAILANDIA,MA,15
AFONSO CUNHA,MA,17
AGUA DOCE DO MARANHAO,MA,17
ALCANTARA,MA,17
ALDEIAS ALTAS,MA,17
ALTAMIRA DO MARANHAO,MA,17
ALTO ALEGRE DO MARANHAO,MA,17
ALTO ALEGRE DO PINDARE,MA,17
ALTO PARNAIBA,MA,15
AMAPA DO MARANHAO,MA,17
AMARANTE DO MARANHAO,MA,15
ANAJATUBA,MA,17
ANAPURUS,MA,17
APICUM-ACU,MA,17
ARAGUANA,MA,17
ARAIOSES,MA,17
ARAME,MA,15
ARARI,MA,17
AXIXA,MA,17
BACABAL,MA,17
BACABEIRA,MA,17
BACURI,MA,17
BACURITUBA,MA,17
BALSAS,MA,15
BARAO DE GRAJAU,MA,15
BARRA DO CORDA,MA,15
BARREIRINHAS,MA,17
BELA VISTA DO MARANHAO,MA,17
BELAGUA,MA,17
BENEDITO LEITE,MA,15
BEQUIMAO,MA,13
BERNARDO DO MEARIM,MA,17
BOA VISTA DO GURUPI,MA,17
BOM JARDIM,MA,17
BOM JESUS DAS SELVAS,MA,15
BOM LUGAR,MA,17
BREJO,MA,17
BREJO DE AREIA,MA,17
BURITI,MA,17
BURITI BRAVO,MA,15
BURITICUPU,MA,15
BURITIRANA,MA,15
CACHOEIRA GRANDE,MA,17
CAJAPIO,MA,17
CAJARI,MA,13
CAMPESTRE DO MARANHAO,MA,15
CANDIDO MENDES,MA,17
CANTANHEDE,MA,17
CAPINZAL DO NORTE,MA,17
CAROLINA,MA,15
CARUTAPERA,MA,17
CAXIAS,MA,17
CEDRAL,MA,17
CENTRAL DO MARANHAO,MA,17
CENTRO DO GUILHERME,MA,17
CENTRO NOVO DO MARANHAO,MA,13
CHAPADINHA,MA,17
CIDELANDIA,MA,15
CODO,MA,17
COELHO NETO,MA,17
COLINAS,MA,15
CONCEICAO DO LAGO-ACU,MA,17
COROATA,MA,17
CURURUPU,MA,17
DAVINOPOLIS,MA,15
DOM PEDRO,MA,17
DUQUE BACELAR,MA,17
ESPERANTINOPOLIS,MA,17
ESTREITO,MA,15
FEIRA NOVA DO MARANHAO,MA,15
FERNANDO FALCAO,MA,15
FORMOSA DA SERRA NEGRA,MA,15
FORTALEZA DOS NOGUEIRAS,MA,15
FORTUNA,MA,15
GODOFREDO VIANA,MA,17
GONCALVES DIAS,MA,17
GOVERNADOR ARCHER,MA,17
GOVERNADOR EDISON LOBAO,MA,15
GOVERNADOR EUGENIO BARROS,MA,15
GOVERNADOR LUIZ ROCHA,MA,15
GOVERNADOR NEWTON BELLO,MA,17
GOVERNADOR NUNES FREIRE,MA,17
GRACA ARANHA,MA,15
GRAJAU,MA,15
GUIMARAES,MA,17
HUMBERTO DE CAMPOS,MA,17
ICATU,MA,17
IGARAPE DO MEIO,MA,17
IGARAPE GRANDE,MA,17
IMPERATRIZ,MA,12
ITAIPAVA DO GRAJAU,MA,13
ITAPECURU MIRIM,MA,17
ITINGA DO MARANHAO,MA,15
JATOBA,MA,15
JENIPAPO DOS VIEIRAS,MA,15
JOAO LISBOA,MA,15
JOSELANDIA,MA,17
JUNCO DO MARANHAO,MA,17
LAGO DA PEDRA,MA,17
LAGO DO JUNCO,MA,17
LAGO DOS RODRIGUES,MA,17
LAGO VERDE,MA,17
LAGOA DO MATO,MA,15
LAGOA GRANDE DO MARANHAO,MA,17
LAJEADO NOVO,MA,15
LIMA CAMPOS,MA,17
LORETO,MA,15
LUIS DOMINGUES,MA,17
MAGALHAES DE ALMEIDA,MA,17
MARACACUME,MA,17
MARAJA DO SENA,MA,17
MARANHAOZINHO,MA,17
MATA ROMA,MA,17
MATINHA,MA,17
MATOES,MA,15
MATOES DO NORTE,MA,17
MILAGRES DO MARANHAO,MA,17
MIRADOR,MA,15
MIRANDA DO NORTE,MA,17
MIRINZAL,MA,17
MONCAO,MA,17
MONTES ALTOS,MA,15
MORROS,MA,17
NINA RODRIGUES,MA,17
NOVA COLINAS,MA,15
NOVA IORQUE,MA,15
NOVA OLINDA DO MARANHAO,MA,17
OLHO D AGUA DAS CUNHAS,MA,17
OLINDA NOVA DO MARANHAO,MA,13
PACO DO LUMIAR,MA,17
PALMEIRANDIA,MA,17
PARAIBANO,MA,15
PARNARAMA,MA,15
PASSAGEM FRANCA,MA,15
PASTOS BONS,MA,15
PAULINO NEVES,MA,17
PAULO RAMOS,MA,17
PEDREIRAS,MA,17
PEDRO DO ROSARIO,MA,17
PENALVA,MA,17
PERI MIRIM,MA,17
PERITORO,MA,17
PINDARE MIRIM,MA,17
PINHEIRO,MA,17
PIO XII,MA,17
PIRAPEMAS,MA,17
POCAO DE PEDRAS,MA,17
PORTO FRANCO,MA,15
PORTO RICO DO MARANHAO,MA,17
PRESIDENTE DUTRA,MA,15
PRESIDENTE JUSCELINO,MA,17
PRESIDENTE MEDICI,MA,17
PRESIDENTE SARNEY,MA,17
PRESIDENTE VARGAS,MA,17
PRIMEIRA CRUZ,MA,17
RAPOSA,MA,17
RIACHAO,MA,15
RIBAMAR FIQUENE,MA,15
ROSARIO,MA,17
SAMBAIBA,MA,15
SANTA FILOMENA DO MARANHAO,MA,15
SANTA HELENA,MA,17
SANTA INES,MA,17
SANTA LUZIA,MA,17
SANTA LUZIA DO PARUA,MA,17
SANTA QUITERIA DO MARANHAO,MA,17
SANTA RITA,MA,17
SANTANA DO MARANHAO,MA,17
SANTO AMARO DO MARANHAO,MA,17
SANTO ANTONIO DOS LOPES,MA,17
SAO BENEDITO DO RIO PRETO,MA,17
SAO BENTO,MA,17
SAO BERNARDO,MA,17
SAO DOMINGOS DO AZEITAO,MA,15
SAO DOMINGOS DO MARANHAO,MA,13
SAO FELIX DE BALSAS,MA,15
SAO FRANCISCO DO BREJAO,MA,15
SAO FRANCISCO DO MARANHAO,MA,15
SAO JOAO BATISTA,MA,17
SAO JOAO DO CARU,MA,17
SAO JOAO DO PARAISO,MA,15
SAO JOAO DO SOTER,MA,17
SAO JOAO DOS PATOS,MA,15
SAO JOSE DE RIBAMAR,MA,17
SAO JOSE DOS BASILIOS,MA,15
SAO LUIS,MA,10
SAO LUIS GONZAGA DO MARANHAO,MA,17
SAO MATEUS DO MARANHAO,MA,13
SAO PEDRO DA AGUA BRANCA,MA,15
SAO PEDRO DOS CRENTES,MA,15
SAO RAIMUNDO DAS MANGABEIRAS,MA,15
SAO RAIMUNDO DO DOCA BEZERRA,MA,15
SAO ROBERTO,MA,17
SAO VICENTE FERRER,MA,13
SATUBINHA,MA,13
SENADOR ALEXANDRE COSTA,MA,17
SENADOR LA ROCQUE,MA,15
SERRANO DO MARANHAO,MA,13
SITIO NOVO,MA,15
SUCUPIRA DO NORTE,MA,15
SUCUPIRA DO RIACHAO,MA,15
TASSO FRAGOSO,MA,15
TIMBIRAS,MA,17
TIMON,MA,17
TRIZIDELA DO VALE,MA,17
TUFILANDIA,MA,17
TUNTUM,MA,15
TURIACU,MA,17
TURILANDIA,MA,17
TUTOIA,MA,17
URBANO SANTOS,MA,17
VARGEM GRANDE,MA,17
VIANA,MA,17
VILA NOVA DOS MARTIRIOS,MA,15
VITORIA DO MEARIM,MA,17
VITORINO FREIRE,MA,17
ZE DOCA,MA,17
ABADIA DOS DOURADOS,MG,10
ABAETE,MG,10
ABAETE DOS MENDES,MG,10
ABRE CAMPO,MG,10
ACAIACA,MG,10
ACUCENA,MG,10
AGUA BOA,MG,10
AGUA COMPRIDA,MG,10
AGUANIL,MG,8
AGUAS FORMOSAS,MG,10
AGUAS VERMELHAS,MG,10
AIMORES,MG,10
AIURUOCA,MG,8
ALAGOA,MG,8
ALBERTINA,MG,8
ALEM PARAIBA,MG,10
ALEXANDRITA,MG,10
ALFENAS,MG,8
ALFREDO VASCONCELOS,MG,9
ALMEIDA,MG,10
ALMENARA,MG,10
ALPERCATA,MG,10
ALPINOPOLIS,MG,8
ALTEROSA,MG,8
ALTO CAPARAO,MG,10
ALTO JEQUITIBA,MG,10
ALTO RIO DOCE,MG,10
ALVARENGA,MG,10
ALVINOPOLIS,MG,10
ALVORADA DE MINAS,MG,10
AMPARO DA SERRA,MG,10
ANDRADAS,MG,8
ANDRELANDIA,MG,10
ANGELANDIA,MG,10
ANTONIO CARLOS,MG,10
ANTONIO DIAS,MG,10
ANTONIO PRADO DE MINAS,MG,10
ANTUNES,MG,10
APARECIDA DE MINAS,MG,10
ARACAI,MG,10
ARACITABA,MG,10
ARACUAI,MG,10
ARAGUARI,MG,8
ARANTINA,MG,10
ARAPONGA,MG,10
ARAPORA,MG,10
ARAPUA,MG,10
ARAUJOS,MG,9
ARAXA,MG,8
ARCEBURGO,MG,8
ARCOS,MG,8
AREADO,MG,8
ARGIRITA,MG,10
ARICANDUVA,MG,10
ARINOS,MG,10
ASTOLFO DUTRA,MG,10
ATALEIA,MG,10
AUGUSTO DE LIMA,MG,10
AZURITA,MG,10
BAEPENDI,MG,8
BALDIM,MG,10
BAMBUI,MG,10
BANDEIRA,MG,10
BANDEIRA DO SUL,MG,8
BARAO DE COCAIS,MG,10
BARAO DE MONTE ALTO,MG,10
BARBACENA,MG,7
BARRA LONGA,MG,10
BARROSO,MG,10
BAU,MG,10
BELA VISTA DE MINAS,MG,10
BELMIRO BRAGA,MG,10
BELO HORIZONTE,MG,7
BELO ORIENTE,MG,11
BELO VALE,MG,11
BERILO,MG,11
BERIZAL,MG,11
BERTOPOLIS,MG,11
BETIM,MG,7
BIAS FORTES,MG,10
BICAS,MG,11
BIQUINHAS,MG,11
BOA ESPERANCA,MG,9
BOCAINA DE MINAS,MG,11
BOCAIUVA,MG,11
BOM DESPACHO,MG,9
BOM JARDIM DE MINAS,MG,11
BOM JESUS DA PENHA,MG,9
BOM JESUS DO AMPARO,MG,11
BOM JESUS DO GALHO,MG,11
BOM REPOUSO,MG,9
BOM SUCESSO,MG,9
BONFIM,MG,11
BONFINOPOLIS DE MINAS,MG,11
BONITO DE MINAS,MG,11
BORDA DA MATA,MG,9
BOTELHOS,MG,9
BOTUMIRIM,MG,11
BRAS PIRES,MG,11
BRASILANDIA DE MINAS,MG,11
BRASILIA DE MINAS,MG,11
BRAUNAS,MG,11
BRAZOPOLIS,MG,11
BREJO BONITO,MG,11
BRUMADINHO,MG,10
BUENO BRANDAO,MG,9
BUENOPOLIS,MG,11
BUGRE,MG,11
BURITIS,MG,11
BURITIZEIRO,MG,11
CABECEIRA GRANDE,MG,11
CABO VERDE,MG,9
CACHOEIRA DA PRATA,MG,11
CACHOEIRA DE MINAS,MG,9
CACHOEIRA DE PAJEU,MG,11
CACHOEIRA DOURADA,MG,11
CAETANOPOLIS,MG,11
CAETE,MG,11
CAIANA,MG,11
CAJURI,MG,11
CALDAS,MG,9
CAMACHO,MG,11
CAMANDUCAIA,MG,9
CAMBUI,MG,9
CAMBUQUIRA,MG,9
CAMPANARIO,MG,11
CAMPANHA,MG,9
CAMPESTRE,MG,9
CAMPINA VERDE,MG,11
CAMPO AZUL,MG,11
CAMPO BELO,MG,9
CAMPO DO MEIO,MG,9
CAMPO FLORIDO,MG,11
CAMPOS ALTOS,MG,11
CAMPOS GERAIS,MG,9
CANA VERDE,MG,9
CANAA,MG,11
CANABRAVA,MG,11
CANAPOLIS,MG,11
CANDEIAS,MG,10
CANTAGALO,MG,11
CAPARAO,MG,11
CAPELA NOVA,MG,11
CAPELINHA,MG,11
CAPETINGA,MG,9
CAPIM BRANCO,MG,9
CAPINOPOLIS,MG,11
CAPITAO ANDRADE,MG,11
CAPITAO ENEAS,MG,11
CAPITOLIO,MG,11
CAPUTIRA,MG,11
CARAI,MG,11
CARANAIBA,MG,11
CARANDAI,MG,11
CARANGOLA,MG,11
CARATINGA,MG,9
CARBONITA,MG,11
CAREACU,MG,9
CARLOS CHAGAS,MG,11
CARMESIA,MG,11
CARMO DA CACHOEIRA,MG,9
CARMO DA MATA,MG,11
CARMO DE MINAS,MG,9
CARMO DO CAJURU,MG,9
CARMO DO PARANAIBA,MG,11
CARMO DO RIO CLARO,MG,9
CARMOPOLIS DE MINAS,MG,9
CARNEIRINHO,MG,11
CARRANCAS,MG,9
CARVALHOPOLIS,MG,9
CARVALHOS,MG,11
CASA GRANDE,MG,11
CASCALHO RICO,MG,11
CASSIA,MG,9
CATAGUASES,MG,10
CATAS ALTAS,MG,11
CATAS ALTAS DA NORUEGA,MG,11
CATUJI,MG,11
CATUTI,MG,11
CAXAMBU,MG,9
CEDRO DO ABAETE,MG,11
CENTRAL DE MINAS,MG,11
CENTRALINA,MG,11
CHACARA,MG,11
CHALE,MG,11
CHAPADA DO NORTE,MG,11
CHAPADA GAUCHA,MG,11
CHAVESLANDIA,MG,11
CHIADOR,MG,11
CIPOTANEA,MG,11
CLARAVAL,MG,9
CLARO DOS POCOES,MG,11
CLAUDIO,MG,10
COIMBRA,MG,11
COLUNA,MG,11
COMENDADOR GOMES,MG,11
COMERCINHO,MG,11
CONCEICAO DA APARECIDA,MG,9
CONCEICAO DA BARRA DE MINAS,MG,11
CONCEICAO DAS ALAGOAS,MG,11
CONCEICAO DAS PEDRAS,MG,9
CONCEICAO DE IPANEMA,MG,11
CONCEICAO DO MATO DENTRO,MG,11
CONCEICAO DO PARA,MG,11
CONCEICAO DO RIO VERDE,MG,9
CONCEICAO DOS OUROS,MG,9
CONEGO MARINHO,MG,11
CONFINS,MG,7
CONGONHAL,MG,8
CONGONHAS,MG,10
CONGONHAS DO NORTE,MG,11
CONQUISTA,MG,11
CONSELHEIRO LAFAIETE,MG,9
CONSELHEIRO PENA,MG,11
CONSOLACAO,MG,9
CONTAGEM,MG,7
COQUEIRAL,MG,9
CORACAO DE JESUS,MG,11
CORDISBURGO,MG,11
CORDISLANDIA,MG,9
CORINTO,MG,11
COROACI,MG,11
COROMANDEL,MG,11
CORONEL FABRICIANO,MG,8
CORONEL MURTA,MG,11
CORONEL PACHECO,MG,11
CORONEL XAVIER CHAVES,MG,11
CORREGO DANTA,MG,11
CORREGO DO BOM JESUS,MG,9
CORREGO FUNDO,MG,9
CORREGO NOVO,MG,11
COUTO DE MAGALHAES DE MINAS,MG,11
CRISOLITA,MG,11
CRISTAIS,MG,9
CRISTALIA,MG,9
CRISTIANO OTONI,MG,11
CRISTINA,MG,9
CRUCILANDIA,MG,11
CRUZEIRO DA FORTALEZA,MG,11
CRUZILIA,MG,9
CUPARAQUE,MG,11
CURRAL DE DENTRO,MG,11
CURVELO,MG,8
DATAS,MG,11
DELFIM MOREIRA,MG,9
DELFINOPOLIS,MG,9
DELTA,MG,11
DESCOBERTO,MG,11
DESTERRO DE ENTRE RIOS,MG,11
DESTERRO DO MELO,MG,11
DIAMANTINA,MG,9
DIOGO DE VASCONCELOS,MG,10
DIONISIO,MG,11
DIVINESIA,MG,11
DIVINO,MG,11
DIVINO DAS LARANJEIRAS,MG,11
DIVINO DE VIRGOLANDIA,MG,11
DIVINOLANDIA DE MINAS,MG,11
DIVINOPOLIS,MG,8
DIVISA ALEGRE,MG,11
DIVISA NOVA,MG,9
DIVISOPOLIS,MG,11
DOM BOSCO,MG,11
DOM CAVATI,MG,11
DOM JOAQUIM,MG,11
DOM LARA,MG,11
DOM SILVERIO,MG,11
DOM VICOSO,MG,9
DONA EUZEBIA,MG,11
DORES DE CAMPOS,MG,11
DORES DE GUANHAES,MG,11
DORES DO INDAIA,MG,11
DORES DO TURVO,MG,11
DORESOPOLIS,MG,9
DOURADINHO,MG,9
DOURADOQUARA,MG,11
DURANDE,MG,11
ELOI MENDES,MG,9
ENGENHEIRO CALDAS,MG,11
ENGENHEIRO NAVARRO,MG,11
ENTRE FOLHAS,MG,11
ENTRE RIOS DE MINAS,MG,11
ERVALIA,MG,11
ESMERALDAS,MG,10
ESPERA FELIZ,MG,11
ESPINOSA,MG,11
ESPIRITO SANTO DO DOURADO,MG,9
ESTIVA,MG,9
ESTRELA DALVA,MG,11
ESTRELA DO INDAIA,MG,11
ESTRELA DO SUL,MG,11
EUGENOPOLIS,MG,11
EWBANK DA CAMARA,MG,11
EXTREMA,MG,9
FAMA,MG,9
FARIA LEMOS,MG,11
FELICIO DOS SANTOS,MG,11
FELISBURGO,MG,11
FELIXLANDIA,MG,11
FERNANDES TOURINHO,MG,11
FERROS,MG,11
FERVEDOURO,MG,11
FLORESTA,MG,11
FLORESTAL,MG,11
FORMIGA,MG,9
FORMOSO,MG,11
FORTALEZA DE MINAS,MG,9
FORTUNA DE MINAS,MG,11
FRANCISCO BADARO,MG,11
FRANCISCO DUMONT,MG,11
FRANCISCO SA,MG,11
FRANCISCOPOLIS,MG,11
FREI GASPAR,MG,11
FREI INOCENCIO,MG,11
FREI LAGONEGRO,MG,11
FRONTEIRA,MG,11
FRONTEIRA DOS VALES,MG,11
FRUTA DE LEITE,MG,11
FRUTAL,MG,10
FUNILANDIA,MG,11
FURNAS,MG,9
GALILEIA,MG,11
GAMELEIRAS,MG,11
GLAUCILANDIA,MG,11
GOIABEIRA,MG,11
GOIANA,MG,11
GONCALVES,MG,9
GONZAGA,MG,11
GOUVEIA,MG,11
GOVERNADOR VALADARES,MG,8
GRANADA,MG,11
GRAO MOGOL,MG,11
GRUPIARA,MG,11
GUANHAES,MG,9
GUAPE,MG,9
GUARACIABA,MG,11
GUARACIAMA,MG,11
GUARANESIA,MG,9
GUARANI,MG,11
GUARARA,MG,11
GUARDA-MOR,MG,11
GUAXUPE,MG,9
GUIDOVAL,MG,11
GUIMARANIA,MG,11
GUIRICEMA,MG,11
GURINHATA,MG,11
HELIODORA,MG,9
IAPU,MG,11
IBERTIOGA,MG,11
IBIA,MG,11
IBIAI,MG,11
IBIRACATU,MG,11
IBIRACI,MG,9
IBIRITE,MG,9
IBITIURA DE MINAS,MG,9
IBITURUNA,MG,9
ICARAI DE MINAS,MG,11
IGARAPE,MG,9
IGARATINGA,MG,11
IGUATAMA,MG,10
IJACI,MG,9
ILICINEA,MG,9
IMBE DE MINAS,MG,11
INCONFIDENTES,MG,9
INDAIABIRA,MG,9
INDIANOPOLIS,MG,11
INGAI,MG,9
INHAPIM,MG,11
INHAUMA,MG,11
INIMUTABA,MG,9
IPABA,MG,11
IPANEMA,MG,11
IPATINGA,MG,8
IPIACU,MG,11
IPUIUNA,MG,9
IRAI DE MINAS,MG,11
ITABIRA,MG,8
ITABIRINHA,MG,11
ITABIRITO,MG,9
ITACAMBIRA,MG,11
ITACARAMBI,MG,11
ITAGUARA,MG,11
ITAIPE,MG,11
ITAJUBA,MG,9
ITAMARANDIBA,MG,11
ITAMARATI DE MINAS,MG,11
ITAMBACURI,MG,11
ITAMBE DO MATO DENTRO,MG,11
ITAMOGI,MG,9
ITAMONTE,MG,9
ITANHANDU,MG,9
ITANHOMI,MG,11
ITAOBIM,MG,11
ITAPAGIPE,MG,11
ITAPECERICA,MG,10
ITAPEVA,MG,9
ITATIAIUCU,MG,11
ITAU DE MINAS,MG,9
ITAUNA,MG,8
ITAVERAVA,MG,11
ITINGA,MG,11
ITUETA,MG,11
ITUIUTABA,MG,9
ITUMIRIM,MG,9
ITURAMA,MG,11
ITUTINGA,MG,9
JABOTICATUBAS,MG,10
JACINTO,MG,11
JACUI,MG,9
JACUTINGA,MG,9
JAGUARACU,MG,11
JAIBA,MG,11
JAMPRUCA,MG,11
JANAUBA,MG,11
JANUARIA,MG,11
JAPARAIBA,MG,10
JAPONVAR,MG,11
JECEABA,MG,11
JENIPAPO DE MINAS,MG,11
JEQUERI,MG,11
JEQUITAI,MG,11
JEQUITIBA,MG,11
JEQUITINHONHA,MG,11
JESUANIA,MG,9
JOAIMA,MG,11
JOANESIA,MG,11
JOAO MONLEVADE,MG,8
JOAO PINHEIRO,MG,11
JOAQUIM FELICIO,MG,11
JORDANIA,MG,11
JOSE GONCALVES DE MINAS,MG,11
JOSE RAYDAN,MG,11
JOSENOPOLIS,MG,11
JUATUBA,MG,11
JUIZ DE FORA,MG,8
JURAMENTO,MG,11
JUREIA,MG,9
JURUAIA,MG,9
JUVENILIA,MG,11
LADAINHA,MG,11
LAGAMAR,MG,11
LAGOA DA PRATA,MG,10
LAGOA DOS PATOS,MG,11
LAGOA DOURADA,MG,10
LAGOA FORMOSA,MG,11
LAGOA GRANDE,MG,11
LAGOA SANTA,MG,7
LAJINHA,MG,11
LAMBARI,MG,9
LAMIM,MG,11
LARANJAL,MG,11
LASSANCE,MG,11
LAVRAS,MG,9
LEANDRO FERREIRA,MG,11
LEME DO PRADO,MG,11
LEOPOLDINA,MG,11
LIBERDADE,MG,11
LIMA DUARTE,MG,11
LIMEIRA DO OESTE,MG,11
LONTRA,MG,11
LUISBURGO,MG,11
LUISLANDIA,MG,11
LUIZLANDIA DO OESTE,MG,11
LUMINARIAS,MG,9
LUZ,MG,10
MACHACALIS,MG,11
MACHADO,MG,9
MADRE DE DEUS DE MINAS,MG,11
MALACACHETA,MG,11
MAMONAS,MG,11
MANGA,MG,11
MANHUACU,MG,9
MANHUMIRIM,MG,11
MANTENA,MG,11
MAR DE ESPANHA,MG,11
MARAVILHAS,MG,11
MARIA DA FE,MG,9
MARIANA,MG,9
MARILAC,MG,11
MARIO CAMPOS,MG,10
MARIPA DE MINAS,MG,11
MARLIERIA,MG,11
MARMELOPOLIS,MG,9
MARTINHO CAMPOS,MG,10
MARTINS SOARES,MG,11
MATA VERDE,MG,11
MATERLANDIA,MG,11
MATEUS LEME,MG,11
MATHIAS LOBATO,MG,11
MATIAS BARBOSA,MG,11
MATIAS CARDOSO,MG,11
MATIPO,MG,11
MATO VERDE,MG,11
MATOZINHOS,MG,9
MATUTINA,MG,11
MEDEIROS,MG,11
MEDINA,MG,11
MENDES PIMENTEL,MG,11
MERCES,MG,11
MESQUITA,MG,11
MINAS NOVAS,MG,11
MINDURI,MG,9
MIRABELA,MG,11
MIRADOURO,MG,11
MIRAI,MG,11
MIRAVANIA,MG,11
MOEDA,MG,10
MOEMA,MG,10
MONJOLOS,MG,11
MONSENHOR PAULO,MG,9
MONTALVANIA,MG,11
MONTE ALEGRE DE MINAS,MG,11
MONTE AZUL,MG,11
MONTE BELO,MG,9
MONTE CARMELO,MG,11
MONTE FORMOSO,MG,11
MONTE SANTO DE MINAS,MG,9
MONTE SIAO,MG,9
MONTE VERDE,MG,9
MONTES CLAROS,MG,8
MONTEZUMA,MG,11
MORADA NOVA DE MINAS,MG,11
MORRO DA GARCA,MG,11
MORRO DO PILAR,MG,11
MUCURI,MG,11
MUNHOZ,MG,9
MURIAE,MG,9
MUTUM,MG,11
MUZAMBINHO,MG,9
NACIP RAYDAN,MG,11
NANUQUE,MG,10
NAQUE,MG,11
NATALANDIA,MG,11
NATERCIA,MG,9
NAZARENO,MG,11
NEPOMUCENO,MG,9
NINHEIRA,MG,11
NOVA BELEM,MG,11
NOVA ERA,MG,11
NOVA LIMA,MG,7
NOVA MODICA,MG,11
NOVA PONTE,MG,11
NOVA PORTEIRINHA,MG,11
NOVA RESENDE,MG,9
NOVA SERRANA,MG,8
NOVA UNIAO,MG,11
NOVO CRUZEIRO,MG,11
NOVO ORIENTE DE MINAS,MG,11
NOVORIZONTE,MG,11
OLARIA,MG,11
OLHOS D AGUA,MG,11
OLHOS DAGUA DO OESTE,MG,11
OLIMPIO NORONHA,MG,9
OLIVEIRA,MG,9
OLIVEIRA FORTES,MG,11
ONCA DE PITANGUI,MG,11
ORATORIOS,MG,11
ORIZANIA,MG,11
OURO BRANCO,MG,11
OURO FINO,MG,9
OURO PRETO,MG,9
OURO VERDE DE MINAS,MG,11
PADRE CARVALHO,MG,10
PADRE PARAISO,MG,11
PAI PEDRO,MG,11
PAINEIRAS,MG,11
PAINS,MG,10
PAIVA,MG,11
PALMA,MG,11
PALMOPOLIS,MG,11
PAPAGAIOS,MG,11
PARA DE MINAS,MG,9
PARACATU,MG,9
PARAGUACU,MG,9
PARAISOPOLIS,MG,9
PARAOPEBA,MG,11
PASSA QUATRO,MG,9
PASSA TEMPO,MG,11
PASSA VINTE,MG,11
PASSABEM,MG,11
PASSOS,MG,9
PATIS,MG,11
PATOS DE MINAS,MG,8
PATROCINIO,MG,9
PATROCINIO DO MURIAE,MG,11
PAULA CANDIDO,MG,11
PAULISTAS,MG,11
PAVAO,MG,11
PECANHA,MG,11
PEDRA AZUL,MG,11
PEDRA BONITA,MG,11
PEDRA DO ANTA,MG,11
PEDRA DO INDAIA,MG,9
PEDRA DOURADA,MG,11
PEDRALVA,MG,9
PEDRAS DE MARIA DA CRUZ,MG,11
PEDRINOPOLIS,MG,11
PEDRO LEOPOLDO,MG,7
PEDRO TEIXEIRA,MG,11
PEQUERI,MG,11
PEQUI,MG,11
PERDIGAO,MG,10
PERDIZES,MG,11
PERDOES,MG,9
PERIQUITO,MG,11
PESCADOR,MG,11
PIAU,MG,11
PIEDADE DE CARATINGA,MG,11
PIEDADE DE PONTE NOVA,MG,11
PIEDADE DO RIO GRANDE,MG,11
PIEDADE DOS GERAIS,MG,11
PIMENTA,MG,10
PINGO-D AGUA,MG,11
PINTOPOLIS,MG,11
PIRACEMA,MG,11
PIRAJUBA,MG,11
PIRANGA,MG,11
PIRANGUCU,MG,9
PIRANGUINHO,MG,9
PIRAPETINGA,MG,11
PIRAPORA,MG,10
PIRAUBA,MG,11
PITANGUI,MG,11
PIUMHI,MG,10
PLANURA,MG,11
POCO FUNDO,MG,9
POCOS DE CALDAS,MG,9
POCRANE,MG,11
POMPEU,MG,11
PONTE FIRME,MG,11
PONTE NOVA,MG,10
PONTO CHIQUE,MG,11
PONTO DOS VOLANTES,MG,11
PORTEIRINHA,MG,11
PORTO FIRME,MG,11
POTE,MG,11
POUSO ALEGRE,MG,9
POUSO ALTO,MG,9
PRADOS,MG,11
PRATA,MG,11
PRATAPOLIS,MG,9
PRATINHA,MG,11
PRESIDENTE BERNARDES,MG,11
PRESIDENTE JUSCELINO,MG,11
PRESIDENTE KUBITSCHEK,MG,11
PRESIDENTE OLEGARIO,MG,11
PRUDENTE DE MORAIS,MG,11
QUARTEL GERAL,MG,11
QUELUZITO,MG,11
RAPOSOS,MG,9
RAUL SOARES,MG,11
RECREIO,MG,11
REDUTO,MG,11
RESENDE COSTA,MG,11
RESPLENDOR,MG,11
RESSAQUINHA,MG,10
RIACHINHO,MG,11
RIACHO DOS MACHADOS,MG,11
RIBEIRAO DAS NEVES,MG,7
RIBEIRAO VERMELHO,MG,9
RIO ACIMA,MG,9
RIO CASCA,MG,11
RIO DO PRADO,MG,11
RIO DOCE,MG,11
RIO ESPERA,MG,11
RIO MANSO,MG,11
RIO NOVO,MG,11
RIO PARANAIBA,MG,11
RIO PARDO DE MINAS,MG,11
RIO PIRACICABA,MG,11
RIO POMBA,MG,11
RIO PRETO,MG,11
RIO VERMELHO,MG,11
RITAPOLIS,MG,10
ROCHEDO DE MINAS,MG,11
RODEIRO,MG,11
ROMARIA,MG,11
ROSARIO DA LIMEIRA,MG,11
RUBELITA,MG,11
RUBIM,MG,11
SABARA,MG,7
SABINOPOLIS,MG,11
SACRAMENTO,MG,11
SALINAS,MG,11
SALITRE DE MINAS,MG,11
SALTO DA DIVISA,MG,11
SANTA BARBARA,MG,11
SANTA BARBARA DO LESTE,MG,11
SANTA BARBARA DO MONTE VERDE,MG,11
SANTA BARBARA DO TUGURIO,MG,11
SANTA CRUZ DE MINAS,MG,11
SANTA CRUZ DE SALINAS,MG,11
SANTA CRUZ DO ESCALVADO,MG,11
SANTA EFIGENIA DE MINAS,MG,11
SANTA FE DE MINAS,MG,11
SANTA HELENA DE MINAS,MG,11
SANTA JULIANA,MG,11
SANTA LUZIA,MG,7
SANTA MARGARIDA,MG,11
SANTA MARIA DE ITABIRA,MG,11
SANTA MARIA DO SALTO,MG,11
SANTA MARIA DO SUACUI,MG,11
SANTA RITA DE CALDAS,MG,9
SANTA RITA DE IBITIPOCA,MG,11
SANTA RITA DE JACUTINGA,MG,11
SANTA RITA DE MINAS,MG,11
SANTA RITA DO ITUETO,MG,11
SANTA RITA DO SAPUCAI,MG,9
SANTA ROSA DA SERRA,MG,11
SANTA VITORIA,MG,11
SANTANA DA VARGEM,MG,9
SANTANA DE CATAGUASES,MG,11
SANTANA DE PIRAPAMA,MG,11
SANTANA DO DESERTO,MG,11
SANTANA DO GARAMBEU,MG,11
SANTANA DO JACARE,MG,9
SANTANA DO MANHUACU,MG,11
SANTANA DO PARAISO,MG,11
SANTANA DO RIACHO,MG,11
SANTANA DOS MONTES,MG,11
SANTO ANTONIO DO AMPARO,MG,9
SANTO ANTONIO DO AVENTUREIRO,MG,11
SANTO ANTONIO DO GRAMA,MG,11
SANTO ANTONIO DO ITAMBE,MG,11
SANTO ANTONIO DO JACINTO,MG,11
SANTO ANTONIO DO MONTE,MG,11
SANTO ANTONIO DO RETIRO,MG,11
SANTO ANTONIO DO RIO ABAIXO,MG,11
SANTO HIPOLITO,MG,11
SANTOS DUMONT,MG,9
SAO BENTO ABADE,MG,9
SAO BRAS DO SUACUI,MG,11
SAO DOMINGOS DAS DORES,MG,11
SAO DOMINGOS DO PRATA,MG,11
SAO FELIX DE MINAS,MG,11
SAO FRANCISCO,MG,11
SAO FRANCISCO DE PAULA,MG,9
SAO FRANCISCO DE SALES,MG,11
SAO FRANCISCO DO GLORIA,MG,11
SAO GERALDO,MG,11
SAO GERALDO DA PIEDADE,MG,11
SAO GERALDO DO BAIXIO,MG,11
SAO GONCALO DO ABAETE,MG,11
SAO GONCALO DO PARA,MG,11
SAO GONCALO DO RIO ABAIXO,MG,11
SAO GONCALO DO RIO PRETO,MG,11
SAO GONCALO DO SAPUCAI,MG,9
SAO GOTARDO,MG,11
SAO JOAO BATISTA DO GLORIA,MG,9
SAO JOAO DA LAGOA,MG,11
SAO JOAO DA MATA,MG,9
SAO JOAO DA PONTE,MG,11
SAO JOAO DA SERRA NEGRA,MG,11
SAO JOAO DAS MISSOES,MG,11
SAO JOAO DEL REI,MG,9
SAO JOAO DO MANHUACU,MG,11
SAO JOAO DO MANTENINHA,MG,11
SAO JOAO DO ORIENTE,MG,11
SAO JOAO DO PACUI,MG,11
SAO JOAO DO PARAISO,MG,11
SAO JOAO EVANGELISTA,MG,11
SAO JOAO NEPOMUCENO,MG,11
SAO JOAQUIM DE BICAS,MG,9
SAO JOSE DA BARRA,MG,9
SAO JOSE DA LAPA,MG,9
SAO JOSE DA SAFIRA,MG,11
SAO JOSE DA VARGINHA,MG,11
SAO JOSE DO ALEGRE,MG,9
SAO JOSE DO DIVINO,MG,11
SAO JOSE DO GOIABAL,MG,11
SAO JOSE DO JACURI,MG,11
SAO JOSE DO MANTIMENTO,MG,11
SAO LOURENCO,MG,9
SAO MIGUEL DO ANTA,MG,11
SAO PEDRO DA UNIAO,MG,9
SAO PEDRO DO AVAI,MG,11
SAO PEDRO DO SUACUI,MG,11
SAO PEDRO DOS FERROS,MG,11
SAO ROMAO,MG,11
SAO ROQUE DE MINAS,MG,11
SAO SEBASTIAO DA BELA VISTA,MG,9
SAO SEBASTIAO DA VARGEM ALEGRE,MG,11
SAO SEBASTIAO DO ANTA,MG,11
SAO SEBASTIAO DO MARANHAO,MG,11
SAO SEBASTIAO DO OESTE,MG,11
SAO SEBASTIAO DO PARAISO,MG,9
SAO SEBASTIAO DO PONTAL,MG,11
SAO SEBASTIAO DO RIO PRETO,MG,11
SAO SEBASTIAO DO RIO VERDE,MG,9
SAO THOME DAS LETRAS,MG,9
SAO TIAGO,MG,11
SAO TOMAS DE AQUINO,MG,9
SAO VICENTE DE MINAS,MG,11
SAPUCAI-MIRIM,MG,9
SARDOA,MG,11
SARZEDO,MG,9
SEM PEIXE,MG,11
SENADOR AMARAL,MG,9
SENADOR CORTES,MG,11
SENADOR FIRMINO,MG,11
SENADOR JOSE BENTO,MG,9
SENADOR MODESTINO GONCALVES,MG,11
SENHORA DE OLIVEIRA,MG,11
SENHORA DO PORTO,MG,11
SENHORA DOS REMEDIOS,MG,11
SERICITA,MG,11
SERITINGA,MG,11
SERRA AZUL DE MINAS,MG,11
SERRA DA SAUDADE,MG,11
SERRA DO SALITRE,MG,11
SERRA DOS AIMORES,MG,11
SERRANIA,MG,9
SERRANOPOLIS DE MINAS,MG,11
SERRANOS,MG,11
SERRO,MG,11
SETE LAGOAS,MG,8
SETUBINHA,MG,11
SILVERANIA,MG,11
SILVIANOPOLIS,MG,9
SIMAO PEREIRA,MG,11
SIMONESIA,MG,11
SOBRALIA,MG,11
SOLEDADE DE MINAS,MG,9
TABULEIRO,MG,11
TAIOBEIRAS,MG,11
TAPARUBA,MG,11
TAPIRA,MG,11
TAPIRAI,MG,11
TAPUIRAMA,MG,11
TAQUARACU DE MINAS,MG,11
TARUACU,MG,11
TARUMIRIM,MG,11
TEIXEIRAS,MG,11
TEOFILO OTONI,MG,9
TIMOTEO,MG,9
TIRADENTES,MG,10
TIROS,MG,11
TOCANTINS,MG,11
TOCOS DO MOJI,MG,9
TOLEDO,MG,9
TOMBOS,MG,11
TRES CORACOES,MG,9
TRES MARIAS,MG,11
TRES PONTAS,MG,9
TUMIRITINGA,MG,11
TUPACIGUARA,MG,11
TURMALINA,MG,11
TURVOLANDIA,MG,9
UBA,MG,9
UBAI,MG,11
UBAPORANGA,MG,11
UBERABA,MG,8
UBERLANDIA,MG,7
UMBURATIBA,MG,11
UNAI,MG,9
UNIAO DE MINAS,MG,11
URUANA DE MINAS,MG,11
URUCANIA,MG,11
URUCUIA,MG,11
VARGEM ALEGRE,MG,11
VARGEM BONITA,MG,11
VARGEM GRANDE DO RIO PARDO,MG,11
VARGINHA,MG,9
VARJAO DE MINAS,MG,11
VARZEA DA PALMA,MG,11
VARZELANDIA,MG,11
VAZANTE,MG,11
VERDELANDIA,MG,11
VEREDINHA,MG,11
VERISSIMO,MG,11
VERMELHO NOVO,MG,11
VESPASIANO,MG,7
VICOSA,MG,11
VIEIRAS,MG,11
VIRGEM DA LAPA,MG,11
VIRGINIA,MG,9
VIRGINOPOLIS,MG,11
VIRGOLANDIA,MG,11
VISCONDE DO RIO BRANCO,MG,11
VOLTA GRANDE,MG,11
WENCESLAU BRAZ,MG,9
AGUA CLARA,MS,12
ALCINOPOLIS,MS,13
AMAMBAI,MS,12
AMANDINA,MS,12
ANASTACIO,MS,11
ANAURILANDIA,MS,14
ANGELICA,MS,12
ANTONIO JOAO,MS,12
APARECIDA DO TABOADO,MS,12
AQUIDAUANA,MS,11
ARAL MOREIRA,MS,12
BANDEIRANTES,MS,10
BATAGUASSU,MS,12
BATAYPORA,MS,12
BELA VISTA,MS,14
BODOQUENA,MS,13
BONITO,MS,13
BRASILANDIA,MS,11
CAARAPO,MS,11
CAMAPUA,MS,11
CAMPO GRANDE,MS,9
CARACOL,MS,13
CASSILANDIA,MS,14
CHAPADAO DO SUL,MS,13
CORGUINHO,MS,10
CORONEL SAPUCAIA,MS,11
CORUMBA,MS,11
COSTA RICA,MS,13
COXIM,MS,13
CULTURAMA,MS,11
DEODAPOLIS,MS,11
DOIS IRMAOS DO BURITI,MS,10
DOURADINA,MS,11
DOURADOS,MS,10
ELDORADO,MS,14
FATIMA DO SUL,MS,11
FIGUEIRAO,MS,13
GLORIA DE DOURADOS,MS,11
GUIA LOPES DA LAGUNA,MS,12
IGUATEMI,MS,14
INOCENCIA,MS,12
ITAPORA,MS,11
ITAQUIRAI,MS,12
IVINHEMA,MS,12
JAPORA,MS,14
JARAGUARI,MS,10
JARDIM,MS,13
JATEI,MS,11
JUTI,MS,11
LADARIO,MS,11
LAGUNA CARAPA,MS,11
MARACAJU,MS,11
MIRANDA,MS,13
MUNDO NOVO,MS,13
NAVIRAI,MS,12
NIOAQUE,MS,11
NOVA ALVORADA DO SUL,MS,12
NOVA AMERICA,MS,13
NOVA ANDRADINA,MS,12
NOVA JALES,MS,15
NOVO HORIZONTE DO SUL,MS,12
PAIAGUAS,MS,12
PANAMBI,MS,10
PARAISO,MS,13
PARAISO DAS AGUAS,MS,13
PARANAIBA,MS,12
PARANHOS,MS,14
PEDRO GOMES,MS,13
PIRAPORA,MS,11
PONTA PORA,MS,12
PORTO MURTINHO,MS,13
RIBAS DO RIO PARDO,MS,10
RIO BRILHANTE,MS,11
RIO NEGRO,MS,11
RIO VERDE DE MATO GROSSO,MS,13
ROCHEDO,MS,10
SANGA PUITA,MS,13
SANTA RITA DO PARDO,MS,12
SAO GABRIEL DO OESTE,MS,11
SELVIRIA,MS,11
SETE QUEDAS,MS,12
SIDROLANDIA,MS,10
SONORA,MS,13
TACURU,MS,14
TAQUARUSSU,MS,12
TERENOS,MS,10
TRES LAGOAS,MS,10
VICENTINA,MS,11
ACORIZAL,MT,11
AGUA BOA,MT,17
ALTA FLORESTA,MT,18
ALTO ARAGUAIA,MT,16
ALTO BOA VISTA,MT,17
ALTO COITE,MT,12
ALTO GARCAS,MT,12
ALTO PARAGUAI,MT,12
ALTO TAQUARI,MT,16
APIACAS,MT,18
ARAGUAIANA,MT,12
ARAGUAINHA,MT,16
ARAPUTANGA,MT,13
ARENAPOLIS,MT,16
ARIPUANA,MT,16
BARAO DE MELGACO,MT,11
BARRA DO BUGRES,MT,12
BARRA DO GARCAS,MT,11
BOM JESUS DO ARAGUAIA,MT,17
BRASNORTE,MT,16
CACERES,MT,11
CAMPINAPOLIS,MT,17
CAMPO NOVO DO PARECIS,MT,16
CAMPO VERDE,MT,12
CAMPOS DE JULIO,MT,17
CANABRAVA DO NORTE,MT,17
CANARANA,MT,17
CARLINDA,MT,18
CASTANHEIRA,MT,16
CHAPADA DOS GUIMARAES,MT,11
CLAUDIA,MT,13
COCALINHO,MT,17
COLIDER,MT,14
COLNIZA,MT,16
COMODORO,MT,17
CONFRESA,MT,17
CONQUISTA D OESTE,MT,17
COTRIGUACU,MT,16
CUIABA,MT,10
CURVELANDIA,MT,12
DENISE,MT,12
DIAMANTINO,MT,12
DOM AQUINO,MT,11
FELIZ NATAL,MT,14
FIGUEIROPOLIS D OESTE,MT,13
GAUCHA DO NORTE,MT,17
GENERAL CARNEIRO,MT,12
GLORIA D OESTE,MT,12
GUARANTA DO NORTE,MT,18
GUIRATINGA,MT,12
INDIANAPOLIS,MT,14
INDIAVAI,MT,13
IPIRANGA DO NORTE,MT,21
ITANHANGA,MT,15
ITAUBA,MT,13
ITIQUIRA,MT,12
JACIARA,MT,11
JANGADA,MT,11
JAURU,MT,13
JUARA,MT,18
JUINA,MT,16
JURUENA,MT,16
JUSCIMEIRA,MT,11
LAMBARI D OESTE,MT,12
LUCAS DO RIO VERDE,MT,14
LUCIARA,MT,17
MARCELANDIA,MT,14
MATUPA,MT,18
MIRASSOL D OESTE,MT,12
NOBRES,MT,12
NORTELANDIA,MT,16
NOSSA SENHORA DO LIVRAMENTO,MT,11
NOVA BANDEIRANTES,MT,18
NOVA BRASILANDIA,MT,16
NOVA CANAA DO NORTE,MT,14
NOVA GUARITA,MT,14
NOVA LACERDA,MT,17
NOVA MARILANDIA,MT,16
NOVA MARINGA,MT,16
NOVA MONTE VERDE,MT,18
NOVA MUTUM,MT,16
NOVA NAZARE,MT,17
NOVA OLIMPIA,MT,17
NOVA SANTA HELENA,MT,14
NOVA UBIRATA,MT,14
NOVA XAVANTINA,MT,13
NOVO DIAMANTINO,MT,12
NOVO HORIZONTE DO NORTE,MT,18
NOVO MUNDO,MT,18
NOVO SANTO ANTONIO,MT,17
NOVO SAO JOAQUIM,MT,13
PARANAITA,MT,18
PARANATINGA,MT,16
PEDRA PRETA,MT,11
PEIXOTO DE AZEVEDO,MT,14
PLANALTO DA SERRA,MT,14
POCONE,MT,12
PONTAL DO ARAGUAIA,MT,11
PONTE BRANCA,MT,13
PONTES E LACERDA,MT,17
PORTO ALEGRE DO NORTE,MT,17
PORTO DOS GAUCHOS,MT,18
PORTO ESPERIDIAO,MT,13
PORTO ESTRELA,MT,13
POXOREU,MT,11
PRIMAVERA DO LESTE,MT,12
QUERENCIA,MT,17
RESERVA DO CABACAL,MT,13
RIBEIRAO CASCALHEIRA,MT,17
RIBEIRAOZINHO,MT,13
RIO BRANCO,MT,17
RONDOLANDIA,MT,16
RONDONOPOLIS,MT,11
ROSARIO OESTE,MT,12
SALTO DO CEU,MT,13
SANTA CARMEM,MT,13
SANTA CRUZ DO XINGU,MT,17
SANTA ELVIRA,MT,11
SANTA RITA DO TRIVELATO,MT,18
SANTA TEREZINHA,MT,17
SANTO AFONSO,MT,16
SANTO ANTONIO DO LESTE,MT,17
SANTO ANTONIO DO LEVERGER,MT,10
SAO FELIX DO ARAGUAIA,MT,17
SAO JOSE DO POVO,MT,11
SAO JOSE DO RIO CLARO,MT,16
SAO JOSE DO XINGU,MT,17
SAO JOSE DOS QUATRO MARCOS,MT,12
SAO PEDRO DA CIPA,MT,11
SAPEZAL,MT,17
SERRA NOVA DOURADA,MT,17
SINOP,MT,12
SORRISO,MT,13
TABAPORA,MT,18
TANGARA DA SERRA,MT,16
TAPURAH,MT,18
TERRA NOVA DO NORTE,MT,14
TESOURO,MT,12
TORIXOREU,MT,12
UNIAO DO SUL,MT,14
VALE DE SAO DOMINGOS,MT,17
VARZEA GRANDE,MT,10
VERA,MT,13
VILA BELA DA SANTISSIMA TRINDADE,MT,17
VILA RICA,MT,17
ABAETETUBA,PA,17
ABEL FIGUEIREDO,PA,17
ACARA,PA,17
AFUA,PA,23
AGUA AZUL DO NORTE,PA,17
ALENQUER,PA,23
ALMEIRIM,PA,23
ALTAMIRA,PA,16
ANAJAS,PA,23
ANANINDEUA,PA,13
ANAPU,PA,19
AUGUSTO CORREA,PA,17
AURORA DO PARA,PA,17
AVEIRO,PA,23
BAGRE,PA,23
BAIAO,PA,23
BANNACH,PA,23
BARCARENA,PA,17
BELEM,PA,13
BELTERRA,PA,22
BENEVIDES,PA,13
BOM JESUS DO TOCANTINS,PA,17
BONITO,PA,17
BRAGANCA,PA,17
BRASIL NOVO,PA,19
BREJO GRANDE DO ARAGUAIA,PA,17
BREU BRANCO,PA,17
BREVES,PA,23
BUJARU,PA,15
CACHOEIRA DO ARARI,PA,17
CACHOEIRA DO PIRIA,PA,19
CAMETA,PA,23
CANAA DOS CARAJAS,PA,17
CAPANEMA,PA,15
CAPITAO POCO,PA,17
CARAJAS,PA,17
CASTANHAL,PA,15
CASTELO DOS SONHOS,PA,21
CHAVES,PA,22
COLARES,PA,17
CONCEICAO DO ARAGUAIA,PA,17
CONCORDIA DO PARA,PA,17
CUMARU DO NORTE,PA,19
CURIONOPOLIS,PA,17
CURRALINHO,PA,23
CURUA,PA,23
CURUCA,PA,19
DOM ELISEU,PA,19
ELDORADO DO CARAJAS,PA,17
FARO,PA,23
FLORESTA DO ARAGUAIA,PA,17
GARRAFAO DO NORTE,PA,19
GOIANESIA DO PARA,PA,17
GURUPA,PA,23
IGARAPE-ACU,PA,17
IGARAPE-MIRI,PA,17
INHANGAPI,PA,17
IPIXUNA DO PARA,PA,17
IRITUIA,PA,17
ITAITUBA,PA,19
ITUPIRANGA,PA,17
JACAREACANGA,PA,22
JACUNDA,PA,15
JURUTI,PA,23
LIMOEIRO DO AJURU,PA,17
MAE DO RIO,PA,17
MAGALHAES BARATA,PA,17
MARABA,PA,13
MARACANA,PA,17
MARAPANIM,PA,17
MARITUBA,PA,13
MEDICILANDIA,PA,21
MELGACO,PA,23
MIRITITUBA,PA,23
MOCAJUBA,PA,23
MOJU,PA,17
MOJUI DOS CAMPOS,PA,22
MONTE ALEGRE,PA,23
MONTE DOURADO,PA,23
MORAES ALMEIDA,PA,21
MUANA,PA,23
NOVA ESPERANCA DO PIRIA,PA,19
NOVA IPIXUNA,PA,17
NOVA TIMBOTEUA,PA,17
NOVO PROGRESSO,PA,19
NOVO REPARTIMENTO,PA,19
OBIDOS,PA,23
OEIRAS DO PARA,PA,23
ORIXIMINA,PA,23
OUREM,PA,17
OURILANDIA DO NORTE,PA,17
PACAJA,PA,19
PALESTINA DO PARA,PA,17
PARAGOMINAS,PA,17
PARAUAPEBAS,PA,17
PAU D ARCO,PA,19
PEIXE-BOI,PA,17
PICARRA,PA,19
PLACAS,PA,23
PONTA DE PEDRAS,PA,23
PORTEL,PA,23
PORTO DE MOZ,PA,23
PORTO TROMBETAS,PA,23
PRAINHA,PA,23
PRIMAVERA,PA,17
QUATIPURU,PA,19
QUATRO BOCAS,PA,23
REDENCAO,PA,14
RIO MARIA,PA,17
RONDON DO PARA,PA,17
RUROPOLIS,PA,21
SALINOPOLIS,PA,17
SALVATERRA,PA,23
SANTA BARBARA DO PARA,PA,17
SANTA CRUZ DO ARARI,PA,23
SANTA IZABEL DO PARA,PA,15
SANTA LUZIA DO PARA,PA,22
SANTA MARIA,PA,16
SANTA MARIA DAS BARREIRAS,PA,17
SANTA MARIA DO PARA,PA,16
SANTANA DO ARAGUAIA,PA,17
SANTAREM,PA,19
SANTAREM NOVO,PA,17
SANTO ANTONIO DO TAUA,PA,17
SAO CAETANO DE ODIVELAS,PA,17
SAO DOMINGOS DO ARAGUAIA,PA,17
SAO DOMINGOS DO CAPIM,PA,17
SAO FELIX DO XINGU,PA,19
SAO FRANCISCO DO PARA,PA,17
SAO GERALDO DO ARAGUAIA,PA,17
SAO JOAO DA PONTA,PA,17
SAO JOAO DE PIRABAS,PA,17
SAO JOAO DO ARAGUAIA,PA,17
SAO MIGUEL DO GUAMA,PA,17
SAO SEBASTIAO DA BOA VISTA,PA,23
SAPUCAIA,PA,17
SENADOR JOSE PORFIRIO,PA,23
SOURE,PA,23
TAILANDIA,PA,17
TERRA ALTA,PA,17
TERRA SANTA,PA,23
TOME-ACU,PA,17
TRACUATEUA,PA,17
TRAIRAO,PA,21
TUCUMA,PA,19
TUCURUI,PA,17
ULIANOPOLIS,PA,19
URUARA,PA,21
VIGIA,PA,19
VISEU,PA,19
VITORIA DO XINGU,PA,19
XINGUARA,PA,17
AGUA BRANCA,PB,15
AGUIAR,PB,15
ALAGOA GRANDE,PB,15
ALAGOA NOVA,PB,15
ALAGOINHA,PB,15
ALCANTIL,PB,15
ALGODAO DE JANDAIRA,PB,15
ALHANDRA,PB,15
AMPARO,PB,15
APARECIDA,PB,15
ARACAGI,PB,15
ARARA,PB,15
ARARUNA,PB,15
AREIA,PB,15
AREIA DE BARAUNAS,PB,15
AREIAL,PB,15
AROEIRAS,PB,15
ASSUNCAO,PB,15
BAIA DA TRAICAO,PB,15
BANANEIRAS,PB,15
BARAUNA,PB,15
BARRA DE SANTA ROSA,PB,15
BARRA DE SANTANA,PB,15
BARRA DE SAO MIGUEL,PB,15
BAYEUX,PB,15
BELEM,PB,15
BELEM DO BREJO DO CRUZ,PB,15
BERNARDINO BATISTA,PB,15
BOA VENTURA,PB,15
BOA VISTA,PB,15
BOM JESUS,PB,15
BOM SUCESSO,PB,15
BONITO DE SANTA FE,PB,15
BOQUEIRAO,PB,15
BORBOREMA,PB,15
BREJO DO CRUZ,PB,15
BREJO DOS SANTOS,PB,15
CAAPORA,PB,15
CABACEIRAS,PB,15
CABEDELO,PB,12
CACHOEIRA DOS INDIOS,PB,15
CACIMBA DE AREIA,PB,15
CACIMBA DE DENTRO,PB,15
CACIMBAS,PB,15
CAICARA,PB,15
CAJAZEIRAS,PB,15
CAJAZEIRINHAS,PB,15
CALDAS BRANDAO,PB,15
CAMALAU,PB,15
CAMPINA GRANDE,PB,15
CAPIM,PB,15
CARAUBAS,PB,15
CARRAPATEIRA,PB,15
CASSERENGUE,PB,15
CATINGUEIRA,PB,15
CATOLE DO ROCHA,PB,15
CATURITE,PB,15
CONCEICAO,PB,15
CONDADO,PB,15
CONDE,PB,15
CONGO,PB,15
COREMAS,PB,15
COXIXOLA,PB,15
CRUZ DO ESPIRITO SANTO,PB,15
CUBATI,PB,15
CUITE,PB,15
CUITE DE MAMANGUAPE,PB,15
CUITEGI,PB,15
CURRAL DE CIMA,PB,15
CURRAL VELHO,PB,15
DAMIAO,PB,15
DESTERRO,PB,15
DIAMANTE,PB,15
DONA INES,PB,15
DUAS ESTRADAS,PB,15
EMAS,PB,15
ESPERANCA,PB,15
FAGUNDES,PB,15
FREI MARTINHO,PB,15
GADO BRAVO,PB,15
GUARABIRA,PB,15
GURINHEM,PB,15
GURJAO,PB,15
IBIARA,PB,15
IGARACY,PB,15
IMACULADA,PB,15
INGA,PB,15
ITABAIANA,PB,15
ITAPORANGA,PB,15
ITAPOROROCA,PB,15
ITATUBA,PB,15
JACARAU,PB,15
JERICO,PB,15
JOAO PESSOA,PB,12
JUAREZ TAVORA,PB,15
JUAZEIRINHO,PB,15
JUNCO DO SERIDO,PB,15
JURIPIRANGA,PB,15
JURU,PB,15
LAGOA,PB,15
LAGOA DE DENTRO,PB,15
LAGOA SECA,PB,15
LASTRO,PB,15
LIVRAMENTO,PB,15
LOGRADOURO,PB,15
LUCENA,PB,15
MAE D AGUA,PB,15
MALTA,PB,15
MAMANGUAPE,PB,15
MANAIRA,PB,15
MARCACAO,PB,15
MARI,PB,15
MARIZOPOLIS,PB,15
MASSARANDUBA,PB,15
MATARACA,PB,15
MATINHAS,PB,15
MATO GROSSO,PB,15
MATUREIA,PB,15
MOGEIRO,PB,15
MONTADAS,PB,15
MONTE HOREBE,PB,15
MONTEIRO,PB,15
MULUNGU,PB,15
NATUBA,PB,15
NAZAREZINHO,PB,15
NOVA FLORESTA,PB,15
NOVA OLINDA,PB,15
NOVA PALMEIRA,PB,15
OLHO D AGUA,PB,15
OLIVEDOS,PB,15
OURO VELHO,PB,15
PARARI,PB,15
PASSAGEM,PB,15
PATOS,PB,15
PAULISTA,PB,15
PEDRA BRANCA,PB,15
PEDRA LAVRADA,PB,15
PEDRAS DE FOGO,PB,15
PEDRO REGIS,PB,15
PIANCO,PB,15
PICUI,PB,15
PILAR,PB,15
PILOES,PB,15
PILOEZINHOS,PB,15
PIRPIRITUBA,PB,15
PITIMBU,PB,15
POCINHOS,PB,15
POCO DANTAS,PB,15
POCO DE JOSE DE MOURA,PB,15
POMBAL,PB,15
PRATA,PB,15
PRINCESA ISABEL,PB,15
PUXINANA,PB,15
QUEIMADAS,PB,15
QUIXABA,PB,15
REMIGIO,PB,15
RIACHAO,PB,15
RIACHAO DO BACAMARTE,PB,15
RIACHAO DO POCO,PB,15
RIACHO DE SANTO ANTONIO,PB,15
RIACHO DOS CAVALOS,PB,15
RIO TINTO,PB,15
SALGADINHO,PB,15
SALGADO DE SAO FELIX,PB,15
SANTA CECILIA,PB,15
SANTA CRUZ,PB,15
SANTA HELENA,PB,15
SANTA INES,PB,15
SANTA LUZIA,PB,15
SANTA RITA,PB,15
SANTA TERESINHA,PB,15
SANTA TEREZINHA,PB,15
SANTANA DE MANGUEIRA,PB,15
SANTANA DOS GARROTES,PB,15
SANTAREM,PB,15
SANTO ANDRE,PB,15
SAO BENTINHO,PB,15
SAO BENTO,PB,15
SAO DOMINGOS,PB,15
SAO DOMINGOS DO CARIRI,PB,15
SAO FRANCISCO,PB,15
SAO JOAO DO CARIRI,PB,15
SAO JOAO DO RIO DO PEIXE,PB,15
SAO JOAO DO TIGRE,PB,15
SAO JOSE DA LAGOA TAPADA,PB,15
SAO JOSE DE CAIANA,PB,15
SAO JOSE DE ESPINHARAS,PB,15
SAO JOSE DE PIRANHAS,PB,15
SAO JOSE DE PRINCESA,PB,15
SAO JOSE DO BONFIM,PB,15
SAO JOSE DO BREJO DO CRUZ,PB,15
SAO JOSE DO SABUGI,PB,15
SAO JOSE DOS CORDEIROS,PB,15
SAO JOSE DOS RAMOS,PB,15
SAO MAMEDE,PB,15
SAO MIGUEL DE TAIPU,PB,15
SAO SEBASTIAO DE LAGOA DE ROCA,PB,15
SAO SEBASTIAO DO UMBUZEIRO,PB,15
SAO VICENTE DO SERIDO,PB,15
SAPE,PB,15
SERIDO,PB,15
SERRA BRANCA,PB,15
SERRA DA RAIZ,PB,15
SERRA GRANDE,PB,15
SERRA REDONDA,PB,15
SERRARIA,PB,15
SERTAOZINHO,PB,15
SOBRADO,PB,15
SOLANEA,PB,15
SOLEDADE,PB,15
SOSSEGO,PB,15
SOUSA,PB,15
SUME,PB,15
TACIMA,PB,15
TAPEROA,PB,15
TAVARES,PB,15
TEIXEIRA,PB,15
TENORIO,PB,15
TRIUNFO,PB,15
UIRAUNA,PB,15
UMBUZEIRO,PB,15
VARZEA,PB,15
VIEIROPOLIS,PB,15
VISTA SERRANA,PB,15
ZABELE,PB,15
ABREU E LIMA,PE,15
AFOGADOS DA INGAZEIRA,PE,15
AFRANIO,PE,15
AGRESTINA,PE,15
AGUA PRETA,PE,15
AGUAS BELAS,PE,15
ALAGOINHA,PE,15
ALIANCA,PE,15
ALTINHO,PE,15
AMARAJI,PE,15
ANGELIM,PE,15
ARACOIABA,PE,15
ARARIPINA,PE,15
ARCOVERDE,PE,15
BARRA DE GUABIRABA,PE,15
BARREIROS,PE,15
BELEM DE MARIA,PE,15
BELEM DO SAO FRANCISCO,PE,15
BELO JARDIM,PE,15
BETANIA,PE,15
BEZERROS,PE,15
BODOCO,PE,15
BOM CONSELHO,PE,15
BOM JARDIM,PE,15
BONITO,PE,15
BREJAO,PE,15
BREJINHO,PE,15
BREJO DA MADRE DE DEUS,PE,15
BUENOS AIRES,PE,15
BUIQUE,PE,15
CABO DE SANTO AGOSTINHO,PE,15
CABROBO,PE,15
CACHOEIRINHA,PE,15
CAETES,PE,15
CALCADO,PE,15
CALUMBI,PE,15
CAMARAGIBE,PE,15
CAMOCIM DE SAO FELIX,PE,15
CAMUTANGA,PE,15
CANHOTINHO,PE,15
CAPOEIRAS,PE,15
CARNAIBA,PE,15
CARNAUBEIRA DA PENHA,PE,15
CARPINA,PE,15
CARUARU,PE,15
CASINHAS,PE,15
CATENDE,PE,15
CEDRO,PE,15
CHA DE ALEGRIA,PE,15
CHA GRANDE,PE,15
CONDADO,PE,15
CORRENTES,PE,15
CORTES,PE,15
CUMARU,PE,15
CUPIRA,PE,15
CUSTODIA,PE,15
DORMENTES,PE,15
ESCADA,PE,15
EXU,PE,15
FEIRA NOVA,PE,15
FERREIROS,PE,15
FLORES,PE,15
FLORESTA,PE,15
FREI MIGUELINHO,PE,15
GAMELEIRA,PE,15
GARANHUNS,PE,15
GLORIA DO GOITA,PE,15
GOIANA,PE,15
GRANITO,PE,15
GRAVATA,PE,15
IATI,PE,15
IBIMIRIM,PE,15
IBIRAJUBA,PE,15
IGARASSU,PE,15
IGUARACI,PE,15
ILHA DE ITAMARACA,PE,15
INAJA,PE,15
INGAZEIRA,PE,15
IPOJUCA,PE,15
IPUBI,PE,15
ITACURUBA,PE,15
ITAIBA,PE,15
ITAMBE,PE,15
ITAPETIM,PE,15
ITAPISSUMA,PE,15
ITAQUITINGA,PE,15
JABOATAO DOS GUARARAPES,PE,15
JAQUEIRA,PE,15
JATAUBA,PE,15
JATOBA,PE,15
JOAO ALFREDO,PE,15
JOAQUIM NABUCO,PE,15
JUCATI,PE,15
JUPI,PE,15
JUREMA,PE,15
LAGOA DO CARRO,PE,15
LAGOA DO ITAENGA,PE,15
LAGOA DO OURO,PE,15
LAGOA DOS GATOS,PE,15
LAGOA GRANDE,PE,15
LAJEDO,PE,15
LIMOEIRO,PE,15
MACAPARANA,PE,15
MACHADOS,PE,15
MANARI,PE,15
MARAIAL,PE,15
MIRANDIBA,PE,15
MOREILANDIA,PE,15
MORENO,PE,15
NAZARE DA MATA,PE,15
NOSSA SENHORA DO O,PE,15
NOVA CRUZ,PE,15
OLINDA,PE,15
OROBO,PE,15
OROCO,PE,15
OURICURI,PE,15
PALMARES,PE,15
PALMEIRINA,PE,15
PANELAS,PE,15
PARANATAMA,PE,15
PARNAMIRIM,PE,15
PASSIRA,PE,15
PAUDALHO,PE,15
PAULISTA,PE,15
PEDRA,PE,15
PESQUEIRA,PE,15
PETROLANDIA,PE,15
PETROLINA,PE,15
POCAO,PE,15
POMBOS,PE,15
PRIMAVERA,PE,15
QUIPAPA,PE,15
QUIXABA,PE,15
RECIFE,PE,12
RIACHO DAS ALMAS,PE,15
RIBEIRAO,PE,15
RIO FORMOSO,PE,15
SAIRE,PE,15
SALGADINHO,PE,15
SALGUEIRO,PE,15
SALOA,PE,15
SANHARO,PE,15
SANTA CRUZ,PE,15
SANTA CRUZ DA BAIXA VERDE,PE,15
SANTA CRUZ DO CAPIBARIBE,PE,15
SANTA FILOMENA,PE,15
SANTA MARIA DA BOA VISTA,PE,15
SANTA MARIA DO CAMBUCA,PE,15
SANTA TEREZINHA,PE,15
SAO BENEDITO DO SUL,PE,15
SAO BENTO DO UNA,PE,15
SAO CAITANO,PE,15
SAO JOAO,PE,15
SAO JOAQUIM DO MONTE,PE,15
SAO JOSE,PE,15
SAO JOSE DA COROA GRANDE,PE,15
SAO JOSE DO BELMONTE,PE,15
SAO JOSE DO EGITO,PE,15
SAO LOURENCO DA MATA,PE,15
SAO VICENTE,PE,15
SAO VICENTE FERRER,PE,15
SERRA TALHADA,PE,15
SERRITA,PE,15
SERTANIA,PE,15
SIRINHAEM,PE,15
SOLIDAO,PE,15
SURUBIM,PE,15
TABIRA,PE,15
TACAIMBO,PE,15
TACARATU,PE,15
TAMANDARE,PE,15
TAQUARITINGA DO NORTE,PE,15
TEREZINHA,PE,15
TERRA NOVA,PE,15
TIMBAUBA,PE,15
TIMORANTE,PE,15
TORITAMA,PE,15
TRACUNHAEM,PE,15
TRINDADE,PE,15
TRIUNFO,PE,15
TUPANATINGA,PE,15
TUPARETAMA,PE,15
VENTUROSA,PE,15
VERDEJANTE,PE,15
VERTENTE DO LERIO,PE,15
VERTENTES,PE,15
VICENCIA,PE,15
VITORIA DE SANTO ANTAO,PE,15
XEXEU,PE,15
ACAUA,PI,16
AGRICOLANDIA,PI,16
AGUA BRANCA,PI,16
ALAGOINHA DO PIAUI,PI,16
ALEGRETE DO PIAUI,PI,16
ALTO LONGA,PI,16
ALTOS,PI,16
ALVORADA DO GURGUEIA,PI,16
AMARANTE,PI,16
ANGICAL DO PIAUI,PI,16
ANISIO DE ABREU,PI,16
ANTONIO ALMEIDA,PI,16
AROAZES,PI,16
ARRAIAL,PI,16
ASSUNCAO DO PIAUI,PI,16
AVELINO LOPES,PI,16
BAIXA GRANDE DO RIBEIRO,PI,16
BARRA D ALCANTARA,PI,16
BARRAS,PI,16
BARREIRAS DO PIAUI,PI,16
BARRO DURO,PI,16
BATALHA,PI,16
BELA VISTA DO PIAUI,PI,16
BELEM DO PIAUI,PI,16
BENEDITINOS,PI,16
BERTOLINIA,PI,16
BETANIA DO PIAUI,PI,16
BOA HORA,PI,16
BOCAINA,PI,16
BOM JESUS,PI,16
BOM PRINCIPIO DO PIAUI,PI,16
BONFIM DO PIAUI,PI,16
BOQUEIRAO DO PIAUI,PI,16
BRASILEIRA,PI,16
BREJO DO PIAUI,PI,16
BURITI DOS LOPES,PI,16
BURITI DOS MONTES,PI,16
CABECEIRAS DO PIAUI,PI,16
CAJAZEIRAS DO PIAUI,PI,16
CAJUEIRO DA PRAIA,PI,16
CALDEIRAO GRANDE DO PIAUI,PI,16
CAMPINAS DO PIAUI,PI,16
CAMPO ALEGRE DO FIDALGO,PI,16
CAMPO GRANDE DO PIAUI,PI,16
CAMPO LARGO DO PIAUI,PI,16
CAMPO MAIOR,PI,16
CANAVIEIRA,PI,16
CANTO DO BURITI,PI,16
CAPITAO DE CAMPOS,PI,16
CAPITAO GERVASIO OLIVEIRA,PI,16
CARACOL,PI,16
CARAUBAS DO PIAUI,PI,16
CARIDADE DO PIAUI,PI,16
CASTELO DO PIAUI,PI,16
CAXINGO,PI,16
COCAL,PI,16
COCAL DE TELHA,PI,16
COCAL DOS ALVES,PI,16
COIVARAS,PI,16
COLONIA DO GURGUEIA,PI,16
COLONIA DO PIAUI,PI,16
CONCEICAO DO CANINDE,PI,16
CORONEL JOSE DIAS,PI,16
CORRENTE,PI,16
CRISTALANDIA DO PIAUI,PI,16
CRISTINO CASTRO,PI,16
CURIMATA,PI,16
CURRAIS,PI,16
CURRAL NOVO DO PIAUI,PI,16
CURRALINHOS,PI,16
DEMERVAL LOBAO,PI,16
DIRCEU ARCOVERDE,PI,16
DOM EXPEDITO LOPES,PI,16
DOM INOCENCIO,PI,16
DOMINGOS MOURAO,PI,16
ELESBAO VELOSO,PI,16
ELISEU MARTINS,PI,16
ESPERANTINA,PI,16
FARTURA DO PIAUI,PI,16
FLORES DO PIAUI,PI,16
FLORESTA DO PIAUI,PI,16
FLORIANO,PI,16
FRANCINOPOLIS,PI,16
FRANCISCO AYRES,PI,16
FRANCISCO MACEDO,PI,16
FRANCISCO SANTOS,PI,16
FRONTEIRAS,PI,16
GEMINIANO,PI,16
GILBUES,PI,16
GUADALUPE,PI,16
GUARIBAS,PI,16
HUGO NAPOLEAO,PI,16
ILHA GRANDE,PI,16
INHUMA,PI,16
IPIRANGA DO PIAUI,PI,16
ISAIAS COELHO,PI,16
ITAINOPOLIS,PI,16
ITAUEIRA,PI,16
JACOBINA DO PIAUI,PI,16
JAICOS,PI,16
JARDIM DO MULATO,PI,16
JATOBA DO PIAUI,PI,16
JERUMENHA,PI,16
JOAO COSTA,PI,16
JOAQUIM PIRES,PI,16
JOCA MARQUES,PI,16
JOSE DE FREITAS,PI,16
JUAZEIRO DO PIAUI,PI,16
JULIO BORGES,PI,16
JUREMA,PI,16
LAGOA ALEGRE,PI,16
LAGOA DE SAO FRANCISCO,PI,16
LAGOA DO BARRO DO PIAUI,PI,16
LAGOA DO PIAUI,PI,16
LAGOA DO SITIO,PI,16
LAGOINHA DO PIAUI,PI,16
LANDRI SALES,PI,16
LUIS CORREIA,PI,16
LUZILANDIA,PI,16
MADEIRO,PI,16
MANOEL EMIDIO,PI,16
MARCOLANDIA,PI,16
MARCOS PARENTE,PI,16
MASSAPE DO PIAUI,PI,16
MATIAS OLIMPIO,PI,16
MIGUEL ALVES,PI,16
MIGUEL LEAO,PI,16
MILTON BRANDAO,PI,16
MONSENHOR GIL,PI,16
MONSENHOR HIPOLITO,PI,16
MONTE ALEGRE DO PIAUI,PI,16
MORRO CABECA NO TEMPO,PI,16
MORRO DO CHAPEU DO PIAUI,PI,16
MURICI DOS PORTELAS,PI,16
NAZARE DO PIAUI,PI,16
NAZARIA,PI,16
NOSSA SENHORA DE NAZARE,PI,16
NOSSA SENHORA DOS REMEDIOS,PI,16
NOVA SANTA RITA,PI,16
NOVO ORIENTE DO PIAUI,PI,16
NOVO SANTO ANTONIO,PI,16
OEIRAS,PI,16
OLHO D AGUA DO PIAUI,PI,16
PADRE MARCOS,PI,16
PAES LANDIM,PI,16
PAJEU DO PIAUI,PI,16
PALMEIRA DO PIAUI,PI,16
PALMEIRAIS,PI,16
PAQUETA,PI,16
PARNAGUA,PI,16
PARNAIBA,PI,16
PASSAGEM FRANCA DO PIAUI,PI,16
PATOS DO PIAUI,PI,16
PAU D ARCO DO PIAUI,PI,16
PAULISTANA,PI,16
PAVUSSU,PI,16
PEDRO II,PI,16
PEDRO LAURENTINO,PI,16
PICOS,PI,16
PIMENTEIRAS,PI,16
PIO IX,PI,16
PIRACURUCA,PI,16
PIRIPIRI,PI,16
PORTO,PI,16
PORTO ALEGRE DO PIAUI,PI,16
PRATA DO PIAUI,PI,16
QUEIMADA NOVA,PI,16
REDENCAO DO GURGUEIA,PI,16
REGENERACAO,PI,16
RIACHO FRIO,PI,16
RIBEIRA DO PIAUI,PI,16
RIBEIRO GONCALVES,PI,16
RIO GRANDE DO PIAUI,PI,16
SANTA CRUZ DO PIAUI,PI,16
SANTA CRUZ DOS MILAGRES,PI,16
SANTA FILOMENA,PI,16
SANTA LUZ,PI,16
SANTA ROSA DO PIAUI,PI,16
SANTANA DO PIAUI,PI,16
SANTO ANTONIO DE LISBOA,PI,16
SANTO ANTONIO DOS MILAGRES,PI,16
SANTO INACIO DO PIAUI,PI,16
SAO BRAZ DO PIAUI,PI,16
SAO FELIX DO PIAUI,PI,16
SAO FRANCISCO DE ASSIS DO PIAUI,PI,16
SAO FRANCISCO DO PIAUI,PI,16
SAO GONCALO DO GURGUEIA,PI,16
SAO GONCALO DO PIAUI,PI,16
SAO JOAO DA CANABRAVA,PI,16
SAO JOAO DA FRONTEIRA,PI,16
SAO JOAO DA SERRA,PI,16
SAO JOAO DA VARJOTA,PI,16
SAO JOAO DO ARRAIAL,PI,16
SAO JOAO DO PIAUI,PI,16
SAO JOSE DO DIVINO,PI,16
SAO JOSE DO PEIXE,PI,16
SAO JOSE DO PIAUI,PI,16
SAO JULIAO,PI,16
SAO LOURENCO DO PIAUI,PI,16
SAO LUIS DO PIAUI,PI,16
SAO MIGUEL DA BAIXA GRANDE,PI,16
SAO MIGUEL DO FIDALGO,PI,16
SAO MIGUEL DO TAPUIO,PI,16
SAO PEDRO DO PIAUI,PI,16
SAO RAIMUNDO NONATO,PI,16
SEBASTIAO BARROS,PI,16
SEBASTIAO LEAL,PI,16
SIGEFREDO PACHECO,PI,16
SIMOES,PI,16
SIMPLICIO MENDES,PI,16
SOCORRO DO PIAUI,PI,16
SUSSUAPARA,PI,16
TAMBORIL DO PIAUI,PI,16
TANQUE DO PIAUI,PI,16
TERESINA,PI,14
UNIAO,PI,16
URUCUI,PI,16
VALENCA DO PIAUI,PI,16
VARZEA BRANCA,PI,16
VARZEA GRANDE,PI,16
VERA MENDES,PI,16
VILA NOVA DO PIAUI,PI,16
WALL FERRAZ,PI,16
ACARI,RN,16
ACU,RN,16
AFONSO BEZERRA,RN,16
AGUA NOVA,RN,16
ALEXANDRIA,RN,16
ALMINO AFONSO,RN,16
ALTO DO RODRIGUES,RN,16
ANGICOS,RN,16
ANTONIO MARTINS,RN,16
APODI,RN,16
AREIA BRANCA,RN,16
AREZ,RN,16
BAIA FORMOSA,RN,16
BARAUNA,RN,16
BARCELONA,RN,16
BENTO FERNANDES,RN,16
BOA SAUDE,RN,16
BODO,RN,16
BOM JESUS,RN,16
BREJINHO,RN,16
CAICARA DO NORTE,RN,16
CAICARA DO RIO DO VENTO,RN,16
CAICO,RN,16
CAMPO GRANDE,RN,16
CAMPO REDONDO,RN,16
CANGUARETAMA,RN,16
CARAUBAS,RN,16
CARNAUBA DOS DANTAS,RN,16
CARNAUBAIS,RN,16
CEARA-MIRIM,RN,16
CERRO CORA,RN,16
CORONEL EZEQUIEL,RN,16
CORONEL JOAO PESSOA,RN,16
CRUZETA,RN,16
CURRAIS NOVOS,RN,16
DOUTOR SEVERIANO,RN,16
ENCANTO,RN,16
EQUADOR,RN,16
ESPIRITO SANTO,RN,16
EXTREMOZ,RN,16
FELIPE GUERRA,RN,16
FERNANDO PEDROZA,RN,16
FLORANIA,RN,16
FRANCISCO DANTAS,RN,16
FRUTUOSO GOMES,RN,16
GALINHOS,RN,16
GOIANINHA,RN,16
GOVERNADOR DIX-SEPT ROSADO,RN,16
GROSSOS,RN,16
GUAMARE,RN,16
IELMO MARINHO,RN,16
IPANGUACU,RN,16
IPUEIRA,RN,16
ITAJA,RN,16
ITAU,RN,16
JACANA,RN,16
JANDAIRA,RN,16
JANDUIS,RN,16
JAPI,RN,16
JARDIM DE ANGICOS,RN,16
JARDIM DE PIRANHAS,RN,16
JARDIM DO SERIDO,RN,16
JOAO CAMARA,RN,16
JOAO DIAS,RN,16
JOSE DA PENHA,RN,16
JUCURUTU,RN,16
JUNDIA,RN,16
LAGOA D ANTA,RN,16
LAGOA DE PEDRAS,RN,16
LAGOA DE VELHOS,RN,16
LAGOA NOVA,RN,16
LAGOA SALGADA,RN,16
LAJES,RN,16
LAJES PINTADAS,RN,16
LUCRECIA,RN,16
LUIS GOMES,RN,16
MACAIBA,RN,16
MACAU,RN,16
MAJOR SALES,RN,16
MARCELINO VIEIRA,RN,16
MARTINS,RN,16
MAXARANGUAPE,RN,16
MESSIAS TARGINO,RN,16
MONTANHAS,RN,16
MONTE ALEGRE,RN,16
MONTE DAS GAMELEIRAS,RN,16
MOSSORO,RN,16
NATAL,RN,13
NISIA FLORESTA,RN,16
NOVA CRUZ,RN,16
OLHO-D AGUA DO BORGES,RN,16
OURO BRANCO,RN,16
PARANA,RN,16
PARAU,RN,16
PARAZINHO,RN,16
PARELHAS,RN,16
PARNAMIRIM,RN,16
PASSA E FICA,RN,16
PASSAGEM,RN,16
PATU,RN,16
PAU DOS FERROS,RN,16
PEDRA GRANDE,RN,16
PEDRA PRETA,RN,16
PEDRO AVELINO,RN,16
PEDRO VELHO,RN,16
PENDENCIAS,RN,16
PILOES,RN,16
POCO BRANCO,RN,16
PORTALEGRE,RN,16
PORTO DO MANGUE,RN,16
PUREZA,RN,16
RAFAEL FERNANDES,RN,16
RAFAEL GODEIRO,RN,16
RIACHO DA CRUZ,RN,16
RIACHO DE SANTANA,RN,16
RIACHUELO,RN,16
RIO DO FOGO,RN,16
RODOLFO FERNANDES,RN,16
RUY BARBOSA,RN,16
SANTA CRUZ,RN,16
SANTA MARIA,RN,16
SANTANA DO MATOS,RN,16
SANTANA DO SERIDO,RN,16
SANTO ANTONIO,RN,16
SAO BENTO DO NORTE,RN,16
SAO BENTO DO TRAIRI,RN,16
SAO FERNANDO,RN,16
SAO FRANCISCO DO OESTE,RN,16
SAO GONCALO DO AMARANTE,RN,16
SAO JOAO DO SABUGI,RN,16
SAO JOSE DE MIPIBU,RN,16
SAO JOSE DO CAMPESTRE,RN,16
SAO JOSE DO SERIDO,RN,16
SAO MIGUEL,RN,16
SAO MIGUEL DO GOSTOSO,RN,16
SAO PAULO DO POTENGI,RN,16
SAO PEDRO,RN,16
SAO RAFAEL,RN,16
SAO TOME,RN,16
SAO VICENTE,RN,16
SENADOR ELOI DE SOUZA,RN,16
SENADOR GEORGINO AVELINO,RN,16
SERRA CAIADA,RN,16
SERRA DE SAO BENTO,RN,16
SERRA DO MEL,RN,16
SERRA NEGRA DO NORTE,RN,16
SERRINHA,RN,16
SERRINHA DOS PINTOS,RN,16
SEVERIANO MELO,RN,16
SITIO NOVO,RN,16
TABOLEIRO GRANDE,RN,16
TAIPU,RN,16
TANGARA,RN,16
TENENTE ANANIAS,RN,16
TENENTE LAURENTINO CRUZ,RN,16
TIBAU,RN,16
TIBAU DO SUL,RN,16
TIMBAUBA DOS BATISTAS,RN,16
TOUROS,RN,16
TRIUNFO POTIGUAR,RN,16
UMARIZAL,RN,16
UPANEMA,RN,16
VARZEA,RN,16
VENHA-VER,RN,16
VERA CRUZ,RN,16
VICOSA,RN,16
VILA FLOR,RN,16
ALTO ALEGRE,RR,38
AMAJARI,RR,38
BOA VISTA,RR,38
BONFIM,RR,38
CANTA,RR,38
CARACARAI,RR,38
CAROEBE,RR,38
IRACEMA,RR,38
MUCAJAI,RR,38
NORMANDIA,RR,38
PACARAIMA,RR,38
RORAINOPOLIS,RR,38
SAO JOAO DA BALIZA,RR,38
SAO LUIZ,RR,38
UIRAMUTA,RR,38
ACEGUA,RS,9
AGUA SANTA,RS,9
AGUDO,RS,8
AJURICABA,RS,9
ALECRIM,RS,9
ALEGRETE,RS,9
ALEGRIA,RS,9
ALMIRANTE TAMANDARE DO SUL,RS,9
ALPESTRE,RS,9
ALTO ALEGRE,RS,9
ALTO FELIZ,RS,8
ALVORADA,RS,5
AMARAL FERRADOR,RS,9
AMETISTA DO SUL,RS,9
ANDRE DA ROCHA,RS,9
ANTA GORDA,RS,9
ANTONIO PRADO,RS,8
ARAMBARE,RS,9
ARARICA,RS,9
ARATIBA,RS,9
ARROIO DO MEIO,RS,9
ARROIO DO PADRE,RS,9
ARROIO DO SAL,RS,9
ARROIO DO TIGRE,RS,9
ARROIO DOS RATOS,RS,8
ARROIO GRANDE,RS,9
ARVOREZINHA,RS,9
AUGUSTO PESTANA,RS,9
AUREA,RS,9
BAGE,RS,9
BALNEARIO PINHAL,RS,9
BARAO,RS,9
BARAO DE COTEGIPE,RS,9
BARAO DO TRIUNFO,RS,9
BARRA DO GUARITA,RS,9
BARRA DO QUARAI,RS,9
BARRA DO RIBEIRO,RS,9
BARRA DO RIO AZUL,RS,9
BARRA FUNDA,RS,8
BARRACAO,RS,9
BARROS CASSAL,RS,9
BENJAMIN CONSTANT DO SUL,RS,9
BENTO GONCALVES,RS,8
BOA VISTA DAS MISSOES,RS,9
BOA VISTA DO BURICA,RS,9
BOA VISTA DO CADEADO,RS,9
BOA VISTA DO INCRA,RS,9
BOA VISTA DO SUL,RS,9
BOM JESUS,RS,8
BOM PRINCIPIO,RS,8
BOM PROGRESSO,RS,9
BOM RETIRO DO SUL,RS,9
BOQUEIRAO DO LEAO,RS,9
BOSSOROCA,RS,9
BOZANO,RS,9
BRAGA,RS,9
BROCHIER,RS,8
BUTIA,RS,9
CACAPAVA DO SUL,RS,9
CACEQUI,RS,9
CACHOEIRA DO SUL,RS,9
CACHOEIRINHA,RS,5
CACIQUE DOBLE,RS,9
CAIBATE,RS,9
CAICARA,RS,9
CAMAQUA,RS,7
CAMARGO,RS,9
CAMBARA DO SUL,RS,8
CAMPESTRE DA SERRA,RS,8
CAMPINA DAS MISSOES,RS,9
CAMPINAS DO SUL,RS,9
CAMPO BOM,RS,8
CAMPO DO MEIO,RS,9
CAMPO NOVO,RS,9
CAMPOS BORGES,RS,9
CANDELARIA,RS,8
CANDIDO GODOI,RS,9
CANDIOTA,RS,9
CANELA,RS,8
CANGUCU,RS,9
CANOAS,RS,5
CANUDOS DO VALE,RS,9
CAPAO BONITO DO SUL,RS,8
CAPAO DA CANOA,RS,9
CAPAO DO CIPO,RS,9
CAPAO DO LEAO,RS,9
CAPELA DE SANTANA,RS,8
CAPITAO,RS,9
CAPIVARI DO SUL,RS,9
CARAA,RS,9
CARAJA SEIVAL,RS,9
CARAZINHO,RS,9
CARLOS BARBOSA,RS,8
CARLOS GOMES,RS,9
CASCA,RS,9
CASCATA (PELOTAS),RS,9
CASEIROS,RS,9
CATUIPE,RS,9
CAXIAS DO SUL,RS,7
CENTENARIO,RS,9
CERRITO,RS,9
CERRO BRANCO,RS,9
CERRO GRANDE,RS,9
CERRO GRANDE DO SUL,RS,9
CERRO LARGO,RS,9
CHAPADA,RS,8
CHARQUEADAS,RS,9
CHARRUA,RS,9
CHIAPETTA,RS,9
CHUI,RS,9
CHUVISCA,RS,9
CIDREIRA,RS,9
CIRIACO,RS,9
COLINAS,RS,9
COLONIA NOVA,RS,9
COLORADO,RS,9
CONDOR,RS,8
CONSTANTINA,RS,8
COQUEIRO BAIXO,RS,9
COQUEIROS DO SUL,RS,9
CORONEL BARROS,RS,9
CORONEL BICACO,RS,9
CORONEL PILAR,RS,9
COTIPORA,RS,9
COXILHA,RS,9
CRISSIUMAL,RS,9
CRISTAL,RS,9
CRISTAL DO SUL,RS,9
CRUZ ALTA,RS,8
CRUZALTENSE,RS,9
CRUZEIRO DO SUL,RS,9
CURUMIM,RS,9
DAVID CANABARRO,RS,9
DERRUBADAS,RS,9
DEZESSEIS DE NOVEMBRO,RS,9
DILERMANDO DE AGUIAR,RS,9
DOIS IRMAOS,RS,8
DOIS IRMAOS DAS MISSOES,RS,9
DOIS LAJEADOS,RS,9
DOM FELICIANO,RS,9
DOM PEDRITO,RS,9
DOM PEDRO DE ALCANTARA,RS,9
DONA FRANCISCA,RS,9
DOUTOR MAURICIO CARDOSO,RS,9
DOUTOR RICARDO,RS,9
ELDORADO DO SUL,RS,7
ENCANTADO,RS,8
ENCRUZILHADA DO SUL,RS,9
ENGENHO VELHO,RS,9
ENTRE RIOS DO SUL,RS,9
ENTRE-IJUIS,RS,9
EREBANGO,RS,9
ERECHIM,RS,8
ERNESTINA,RS,9
ERVAL GRANDE,RS,9
ERVAL SECO,RS,9
ESMERALDA,RS,9
ESPERANCA DO SUL,RS,9
ESPUMOSO,RS,9
ESTACAO,RS,9
ESTANCIA VELHA,RS,7
ESTEIO,RS,5
ESTRELA,RS,8
ESTRELA VELHA,RS,9
EUGENIO DE CASTRO,RS,9
EVANGELISTA,RS,9
FAGUNDES VARELA,RS,9
FARROUPILHA,RS,8
FAXINAL DO SOTURNO,RS,9
FAXINALZINHO,RS,9
FAZENDA VILANOVA,RS,9
FELIZ,RS,8
FLORES DA CUNHA,RS,8
FLORIANO PEIXOTO,RS,9
FONTOURA XAVIER,RS,9
FORMIGUEIRO,RS,9
FORQUETINHA,RS,9
FORTALEZA DOS VALOS,RS,9
FREDERICO WESTPHALEN,RS,9
GARIBALDI,RS,8
GARRUCHOS,RS,9
GAURAMA,RS,9
GENERAL CAMARA,RS,9
GENTIL,RS,9
GETULIO VARGAS,RS,9
GIRUA,RS,9
GLORINHA,RS,9
GRAMADO,RS,8
GRAMADO DOS LOUREIROS,RS,9
GRAMADO XAVIER,RS,9
GRAVATAI,RS,5
GUABIJU,RS,9
GUAIBA,RS,7
GUAPORE,RS,9
GUARANI DAS MISSOES,RS,9
HARMONIA,RS,8
HERVAL,RS,9
HERVEIRAS,RS,9
HORIZONTINA,RS,9
HULHA NEGRA,RS,9
HUMAITA,RS,9
IBARAMA,RS,9
IBIACA,RS,9
IBIRAIARAS,RS,8
IBIRAPUITA,RS,9
IBIRUBA,RS,9
IGREJINHA,RS,8
IJUI,RS,9
ILOPOLIS,RS,9
IMBE,RS,9
IMIGRANTE,RS,9
INDEPENDENCIA,RS,9
INHACORA,RS,9
IPE,RS,8
IPIRANGA DO SUL,RS,9
IRAI,RS,9
ITAARA,RS,9
ITACURUBI,RS,9
ITAPUCA,RS,9
ITAQUI,RS,9
ITATI,RS,9
ITATIBA DO SUL,RS,9
IVORA,RS,9
IVOTI,RS,7
JABOTICABA,RS,9
JACUIZINHO,RS,9
JACUTINGA,RS,9
JAGUARAO,RS,9
JAGUARI,RS,9
JAQUIRANA,RS,9
JARI,RS,9
JOIA,RS,9
JULIO DE CASTILHOS,RS,9
LAGOA BONITA,RS,9
LAGOA BONITA DO SUL,RS,9
LAGOA DOS TRES CANTOS,RS,9
LAGOA VERMELHA,RS,8
LAGOAO,RS,9
LAJEADO,RS,8
LAJEADO DO BUGRE,RS,9
LAVRAS DO SUL,RS,9
LEONEL ROCHA,RS,9
LIBERATO SALZANO,RS,9
LINDOLFO COLLOR,RS,9
LINHA NOVA,RS,9
MACAMBARA,RS,9
MACHADINHO,RS,9
MAGISTERIO,RS,9
MAMPITUBA,RS,9
MANOEL VIANA,RS,9
MAQUINE,RS,9
MARATA,RS,9
MARAU,RS,9
MARCELINO RAMOS,RS,9
MARIANA PIMENTEL,RS,9
MARIANO MORO,RS,9
MARQUES DE SOUZA,RS,9
MATA,RS,9
MATO CASTELHANO,RS,9
MATO LEITAO,RS,9
MATO QUEIMADO,RS,9
MAXIMILIANO DE ALMEIDA,RS,9
MINAS DO LEAO,RS,9
MIRAGUAI,RS,9
MONTAURI,RS,9
MONTE ALEGRE DOS CAMPOS,RS,9
MONTE BELO DO SUL,RS,9
MONTE BONITO,RS,9
MONTENEGRO,RS,8
MORMACO,RS,9
MORRINHOS DO SUL,RS,9
MORRO AZUL,RS,9
MORRO REDONDO,RS,9
MORRO REUTER,RS,8
MORUNGAVA,RS,7
MOSTARDAS,RS,9
MUCUM,RS,9
MUITOS CAPOES,RS,8
MULITERNO,RS,9
NAO-ME-TOQUE,RS,9
NICOLAU VERGUEIRO,RS,9
NONOAI,RS,9
NOVA ALVORADA,RS,9
NOVA ARACA,RS,9
NOVA BASSANO,RS,9
NOVA BOA VISTA,RS,9
NOVA BRESCIA,RS,9
NOVA CANDELARIA,RS,9
NOVA ESPERANCA DO SUL,RS,9
NOVA HARTZ,RS,8
NOVA MILANO,RS,8
NOVA PADUA,RS,8
NOVA PALMA,RS,9
NOVA PETROPOLIS,RS,8
NOVA PRATA,RS,9
NOVA RAMADA,RS,9
NOVA ROMA DO SUL,RS,8
NOVA SANTA RITA,RS,8
NOVO BARREIRO,RS,9
NOVO CABRAIS,RS,9
NOVO HAMBURGO,RS,5
NOVO MACHADO,RS,9
NOVO TIRADENTES,RS,9
NOVO XINGU,RS,9
OSORIO,RS,9
OTAVIO ROCHA,RS,9
PAIM FILHO,RS,8
PALMARES DO SUL,RS,9
PALMEIRA DAS MISSOES,RS,8
PALMITINHO,RS,9
PANAMBI,RS,8
PANTANO GRANDE,RS,9
PARAI,RS,9
PARAISO DO SUL,RS,9
PARECI NOVO,RS,9
PAROBE,RS,8
PASSA SETE,RS,9
PASSO DO SOBRADO,RS,9
PASSO FUNDO,RS,9
PAULO BENTO,RS,9
PAVERAMA,RS,9
PEDRAS ALTAS,RS,9
PEDRO OSORIO,RS,9
PEJUCARA,RS,8
PELOTAS,RS,9
PICADA CAFE,RS,8
PINHAL,RS,9
PINHAL DA SERRA,RS,9
PINHAL GRANDE,RS,9
PINHEIRINHO DO VALE,RS,9
PINHEIRO MACHADO,RS,9
PINTO BANDEIRA,RS,8
PIRAI,RS,9
PIRAPO,RS,9
PIRATINI,RS,9
PLANALTO,RS,9
POCO DAS ANTAS,RS,9
PONTAO,RS,9
PONTE PRETA,RS,9
PORTAO,RS,7
PORTO ALEGRE,RS,5
PORTO LUCENA,RS,9
PORTO MAUA,RS,9
PORTO VERA CRUZ,RS,9
PORTO XAVIER,RS,9
POUSO NOVO,RS,9
PRESIDENTE LUCENA,RS,9
PROGRESSO,RS,9
PROTASIO ALVES,RS,9
PULADOR,RS,9
PUTINGA,RS,9
QUARAI,RS,9
QUATRO IRMAOS,RS,9
QUEVEDOS,RS,9
QUINTAO,RS,9
QUINZE DE NOVEMBRO,RS,9
REDENTORA,RS,9
RELVADO,RS,9
RESTINGA SECA,RS,9
RINCAO DO SEGREDO,RS,9
RIO DOS INDIOS,RS,9
RIO GRANDE,RS,9
RIO PARDO,RS,9
RIOZINHO,RS,9
ROCA SALES,RS,8
RODEIO BONITO,RS,9
ROLADOR,RS,9
ROLANTE,RS,8
RONDA ALTA,RS,9
RONDINHA,RS,9
ROQUE GONZALES,RS,9
ROSARIO DO SUL,RS,9
SAGRADA FAMILIA,RS,9
SALDANHA MARINHO,RS,8
SALTO DO JACUI,RS,9
SALVADOR DAS MISSOES,RS,9
SALVADOR DO SUL,RS,8
SANANDUVA,RS,8
SANTA BARBARA,RS,9
SANTA BARBARA DO SUL,RS,8
SANTA CECILIA DO SUL,RS,9
SANTA CLARA DO SUL,RS,9
SANTA CRUZ DO SUL,RS,9
SANTA MARGARIDA DO SUL,RS,9
SANTA MARIA,RS,8
SANTA MARIA DO HERVAL,RS,8
SANTA ROSA,RS,9
SANTA TERESINHA,RS,9
SANTA TEREZA,RS,8
SANTA VITORIA DO PALMAR,RS,9
SANTANA DA BOA VISTA,RS,9
SANTANA DO LIVRAMENTO,RS,9
SANTIAGO,RS,9
SANTO ANGELO,RS,9
SANTO ANTONIO DA PATRULHA,RS,8
SANTO ANTONIO DAS MISSOES,RS,9
SANTO ANTONIO DO PALMA,RS,9
SANTO ANTONIO DO PLANALTO,RS,9
SANTO AUGUSTO,RS,9
SANTO CRISTO,RS,9
SANTO EXPEDITO DO SUL,RS,8
SAO BORJA,RS,9
SAO DOMINGOS DO SUL,RS,9
SAO FRANCISCO DE ASSIS,RS,9
SAO FRANCISCO DE PAULA,RS,8
SAO GABRIEL,RS,9
SAO JERONIMO,RS,9
SAO JOAO DA URTIGA,RS,9
SAO JOAO DO POLESINE,RS,9
SAO JORGE,RS,8
SAO JOSE DAS MISSOES,RS,9
SAO JOSE DO HERVAL,RS,9
SAO JOSE DO HORTENCIO,RS,9
SAO JOSE DO INHACORA,RS,9
SAO JOSE DO NORTE,RS,9
SAO JOSE DO OURO,RS,9
SAO JOSE DO SUL,RS,9
SAO JOSE DOS AUSENTES,RS,8
SAO LEOPOLDO,RS,5
SAO LOURENCO DO SUL,RS,9
SAO LUIZ GONZAGA,RS,9
SAO MARCOS,RS,8
SAO MARTINHO,RS,9
SAO MARTINHO DA SERRA,RS,9
SAO MIGUEL DAS MISSOES,RS,9
SAO NICOLAU,RS,9
SAO PAULO DAS MISSOES,RS,8
SAO PEDRO DA SERRA,RS,9
SAO PEDRO DAS MISSOES,RS,9
SAO PEDRO DO BUTIA,RS,9
SAO PEDRO DO SUL,RS,9
SAO SEBASTIAO DO CAI,RS,8
SAO SEPE,RS,9
SAO VALENTIM,RS,9
SAO VALENTIM DO SUL,RS,9
SAO VALERIO DO SUL,RS,9
SAO VENDELINO,RS,8
SAO VICENTE DO SUL,RS,9
SAPIRANGA,RS,8
SAPUCAIA DO SUL,RS,5
SARANDI,RS,8
SEBERI,RS,9
SEDE NOVA,RS,9
SEGREDO,RS,9
SELBACH,RS,9
SENADOR SALGADO FILHO,RS,9
SENTINELA DO SUL,RS,9
SERAFINA CORREA,RS,9
SERIO,RS,9
SERTAO,RS,9
SERTAO SANTANA,RS,9
SETE DE SETEMBRO,RS,9
SEVERIANO DE ALMEIDA,RS,9
SILVEIRA MARTINS,RS,9
SINIMBU,RS,9
SOBRADINHO,RS,8
SOLEDADE,RS,9
TABAI,RS,9
TAPEJARA,RS,8
TAPERA,RS,9
TAPES,RS,9
TAQUARA,RS,8
TAQUARI,RS,8
TAQUARUCU DO SUL,RS,9
TAVARES,RS,9
TENENTE PORTELA,RS,9
TERRA DE AREIA,RS,9
TEUTONIA,RS,9
TIO HUGO,RS,9
TIRADENTES DO SUL,RS,9
TOROPI,RS,9
TORRES,RS,9
TRAMANDAI,RS,9
TRAVESSEIRO,RS,9
TRES ARROIOS,RS,9
TRES CACHOEIRAS,RS,9
TRES COROAS,RS,8
TRES DE MAIO,RS,9
TRES FORQUILHAS,RS,9
TRES PALMEIRAS,RS,9
TRES PASSOS,RS,9
TRINDADE DO SUL,RS,9
TRIUNFO,RS,9
TUCUNDUVA,RS,9
TUNAS,RS,9
TUPANCI DO SUL,RS,9
TUPANCIRETA,RS,9
TUPANDI,RS,9
TUPARENDI,RS,9
TURUCU,RS,9
UBIRETAMA,RS,9
UNIAO DA SERRA,RS,9
UNISTALDA,RS,9
URUGUAIANA,RS,9
VACARIA,RS,8
VALE DO SOL,RS,9
VALE REAL,RS,8
VALE VERDE,RS,9
VANINI,RS,9
VENANCIO AIRES,RS,9
VERA CRUZ,RS,9
VERANOPOLIS,RS,8
VESPASIANO CORREA,RS,9
VIADUTOS,RS,9
VIAMAO,RS,5
VICENTE DUTRA,RS,9
VICTOR GRAEFF,RS,9
VILA FLORES,RS,9
VILA LANGARO,RS,9
VILA MARIA,RS,9
VILA NOVA DO SUL,RS,9
VISTA ALEGRE,RS,9
VISTA ALEGRE DO PRATA,RS,9
VISTA GAUCHA,RS,9
VITORIA DAS MISSOES,RS,9
WESTFALIA,RS,9
XANGRI-LA,RS,9
AMPARO DE SAO FRANCISCO,SE,10
AQUIDABA,SE,10
ARACAJU,SE,7
ARAUA,SE,10
AREIA BRANCA,SE,10
BARRA DOS COQUEIROS,SE,10
BOQUIM,SE,10
BREJO GRANDE,SE,10
CAMPO DO BRITO,SE,10
CANHOBA,SE,10
CANINDE DE SAO FRANCISCO,SE,10
CAPELA,SE,10
CARIRA,SE,10
CARMOPOLIS,SE,10
CEDRO DE SAO JOAO,SE,10
CRISTINAPOLIS,SE,10
CUMBE,SE,10
DIVINA PASTORA,SE,10
ESTANCIA,SE,10
FEIRA NOVA,SE,10
FREI PAULO,SE,10
GARARU,SE,10
GENERAL MAYNARD,SE,10
GRACCHO CARDOSO,SE,10
ILHA DAS FLORES,SE,10
INDIAROBA,SE,10
ITABAIANA,SE,10
ITABAIANINHA,SE,10
ITABI,SE,10
ITAPORANGA D AJUDA,SE,10
JAPARATUBA,SE,10
JAPOATA,SE,10
LAGARTO,SE,10
LARANJEIRAS,SE,10
MACAMBIRA,SE,10
MALHADA DOS BOIS,SE,10
MALHADOR,SE,10
MARUIM,SE,10
MOITA BONITA,SE,10
MONTE ALEGRE DE SERGIPE,SE,10
MURIBECA,SE,10
NEOPOLIS,SE,10
NOSSA SENHORA APARECIDA,SE,10
NOSSA SENHORA DA GLORIA,SE,10
NOSSA SENHORA DAS DORES,SE,10
NOSSA SENHORA DE LOURDES,SE,10
NOSSA SENHORA DO SOCORRO,SE,10
PACATUBA,SE,10
PEDRA MOLE,SE,10
PEDRINHAS,SE,10
PINHAO,SE,10
PIRAMBU,SE,10
POCO REDONDO,SE,10
POCO VERDE,SE,10
PORTO DA FOLHA,SE,10
PROPRIA,SE,10
RIACHAO DO DANTAS,SE,10
RIACHUELO,SE,10
RIBEIROPOLIS,SE,10
ROSARIO DO CATETE,SE,10
SALGADO,SE,10
SANTA LUZIA DO ITANHY,SE,10
SANTA ROSA DE LIMA,SE,10
SANTANA DO SAO FRANCISCO,SE,10
SANTO AMARO DAS BROTAS,SE,10
SAO CRISTOVAO,SE,10
SAO DOMINGOS,SE,10
SAO FRANCISCO,SE,10
SAO MIGUEL DO ALEIXO,SE,10
SIMAO DIAS,SE,10
SIRIRI,SE,10
TELHA,SE,10
TOBIAS BARRETO,SE,10
TOMAR DO GERU,SE,10
UMBAUBA,SE,10
ADAMANTINA,SP,5
ADOLFO,SP,5
AGUAI,SP,5
AGUAS DA PRATA,SP,5
AGUAS DE LINDOIA,SP,5
AGUAS DE SANTA BARBARA,SP,5
AGUAS DE SAO PEDRO,SP,5
AGUDOS,SP,5
AGULHA,SP,5
ALAMBARI,SP,5
ALFREDO GUEDES,SP,5
ALFREDO MARCONDES,SP,5
ALTAIR,SP,5
ALTINOPOLIS,SP,5
ALTO ALEGRE,SP,5
ALTO PORA,SP,5
ALUMINIO,SP,5
ALVARES FLORENCE,SP,5
ALVARES MACHADO,SP,5
ALVARO DE CARVALHO,SP,5
ALVINLANDIA,SP,5
AMADEU AMARAL,SP,5
AMELIOPOLIS,SP,5
AMERICANA,SP,5
AMERICO BRASILIENSE,SP,5
AMERICO DE CAMPOS,SP,5
AMPARO,SP,5
ANA DIAS,SP,5
ANALANDIA,SP,5
ANDRADINA,SP,5
ANGATUBA,SP,5
ANHEMBI,SP,5
ANHUMAS,SP,5
APARECIDA,SP,5
APARECIDA D OESTE,SP,5
APARECIDA DE SAO MANUEL,SP,5
APIAI,SP,5
ARACARIGUAMA,SP,5
ARACATUBA,SP,5
ARACOIABA DA SERRA,SP,5
ARAMINA,SP,5
ARANDU,SP,5
ARAPEI,SP,5
ARARAQUARA,SP,5
ARARAS,SP,5
ARAXAS,SP,5
ARCO-IRIS,SP,5
AREALVA,SP,5
AREIAS,SP,5
AREIOPOLIS,SP,5
ARIRANHA,SP,5
ARTUR NOGUEIRA,SP,5
ARUJA,SP,5
ASPASIA,SP,5
ASSIS,SP,5
ATIBAIA,SP,5
ATLANTIDA,SP,5
AURIFLAMA,SP,5
AVAI,SP,5
AVANHANDAVA,SP,5
AVARE,SP,5
AVENCAS,SP,5
BADY BASSITT,SP,5
BALBINOS,SP,5
BALSAMO,SP,5
BANANAL,SP,5
BARAO DE ANTONINA,SP,5
BARBOSA,SP,5
BARIRI,SP,5
BARRA BONITA,SP,5
BARRA DO CHAPEU,SP,5
BARRA DO TURVO,SP,5
BARRETOS,SP,5
BARRINHA,SP,5
BARUERI,SP,5
BASTOS,SP,5
BATATAIS,SP,5
BAURU,SP,5
BEBEDOURO,SP,5
BENTO DE ABREU,SP,5
BERNARDINO DE CAMPOS,SP,5
BERTIOGA,SP,5
BILAC,SP,5
BIRIGUI,SP,5
BIRITIBA MIRIM,SP,5
BOA ESPERANCA DO SUL,SP,5
BOCAINA,SP,5
BOFETE,SP,5
BOITUVA,SP,5
BOM FIM DO BOM JESUS,SP,5
BOM JESUS DOS PERDOES,SP,5
BOM SUCESSO DE ITARARE,SP,5
BORA,SP,5
BORACEIA,SP,5
BORBOREMA,SP,5
BOREBI,SP,5
BOTAFOGO,SP,5
BOTUCATU,SP,5
BRAGANCA PAULISTA,SP,5
BRAUNA,SP,5
BREJO ALEGRE,SP,5
BRODOWSKI,SP,5
BROTAS,SP,5
BURI,SP,5
BURITAMA,SP,5
BURITIZAL,SP,5
CABRALIA PAULISTA,SP,5
CABREUVA,SP,5
CACAPAVA,SP,5
CACHOEIRA PAULISTA,SP,5
CACONDE,SP,5
CAFELANDIA,SP,5
CAIABU,SP,5
CAIEIRAS,SP,5
CAIUA,SP,5
CAJAMAR,SP,5
CAJATI,SP,5
CAJOBI,SP,5
CAJURU,SP,5
CAMPINA DO MONTE ALEGRE,SP,5
CAMPINAL,SP,5
CAMPINAS,SP,5
CAMPO LIMPO PAULISTA,SP,5
CAMPOS DO JORDAO,SP,5
CAMPOS NOVOS PAULISTA,SP,5
CANANEIA,SP,5
CANAS,SP,5
CANDIDO MOTA,SP,5
CANDIDO RODRIGUES,SP,5
CANITAR,SP,5
CAPAO BONITO,SP,5
CAPELA DO ALTO,SP,5
CAPIVARI,SP,5
CARAGUATATUBA,SP,5
CARAPICUIBA,SP,5
CARDOSO,SP,5
CARUARA,SP,5
CASA BRANCA,SP,5
CASSIA DOS COQUEIROS,SP,5
CASTILHO,SP,5
CATANDUVA,SP,5
CATIGUA,SP,5
CEDRAL,SP,5
CERQUEIRA CESAR,SP,5
CERQUILHO,SP,5
CESARIO LANGE,SP,5
CHARQUEADA,SP,5
CHAVANTES,SP,5
CLEMENTINA,SP,5
COLINA,SP,5
COLOMBIA,SP,5
CONCEICAO DE MONTE ALEGRE,SP,5
CONCHAL,SP,5
CONCHAS,SP,5
CORDEIROPOLIS,SP,5
COROADOS,SP,5
CORONEL GOULART,SP,5
CORONEL MACEDO,SP,5
CORUMBATAI,SP,5
COSMOPOLIS,SP,5
COSMORAMA,SP,5
COSTA MACHADO,SP,5
COTIA,SP,5
CRAVINHOS,SP,5
CRISTAIS PAULISTA,SP,5
CRUZALIA,SP,5
CRUZEIRO,SP,5
CUBATAO,SP,5
CUIABA PAULISTA,SP,5
CUNHA,SP,5
DESCALVADO,SP,5
DIADEMA,SP,5
DIRCE REIS,SP,5
DIVINOLANDIA,SP,5
DOBRADA,SP,5
DOIS CORREGOS,SP,5
DOLCINOPOLIS,SP,5
DOMELIA,SP,5
DOURADO,SP,5
DRACENA,SP,5
DUARTINA,SP,5
DUMONT,SP,5
ECHAPORA,SP,5
ELDORADO,SP,5
ELIAS FAUSTO,SP,5
ELISIARIO,SP,5
EMBAUBA,SP,5
EMBU DAS ARTES,SP,5
EMBU-GUACU,SP,5
EMILIANOPOLIS,SP,5
ENEIDA,SP,5
ENGENHEIRO COELHO,SP,5
ENGENHEIRO SCHMIDT,SP,5
ESPERANCA DOESTE,SP,5
ESPIGAO,SP,5
ESPIRITO SANTO DO PINHAL,SP,5
ESPIRITO SANTO DO TURVO,SP,5
ESTIVA GERBI,SP,5
ESTRELA D OESTE,SP,5
ESTRELA DO NORTE,SP,5
EUCLIDES DA CUNHA PAULISTA,SP,5
FARTURA,SP,5
FERNANDO PRESTES,SP,5
FERNANDOPOLIS,SP,5
FERNAO,SP,5
FERRAZ DE VASCONCELOS,SP,5
FLORA RICA,SP,5
FLOREAL,SP,5
FLORESTA DO SUL,SP,5
FLORIDA PAULISTA,SP,5
FLORINEA,SP,5
FRANCA,SP,5
FRANCISCO MORATO,SP,5
FRANCO DA ROCHA,SP,5
FRUTAL DO CAMPO,SP,5
GABRIEL MONTEIRO,SP,5
GALIA,SP,5
GARCA,SP,5
GARDENIA,SP,5
GASTAO VIDIGAL,SP,5
GAVIAO PEIXOTO,SP,5
GENERAL SALGADO,SP,5
GETULINA,SP,5
GLICERIO,SP,5
GUAIANAS,SP,5
GUAICARA,SP,5
GUAIMBE,SP,5
GUAIRA,SP,5
GUAPIACU,SP,5
GUAPIARA,SP,5
GUARA,SP,5
GUARACAI,SP,5
GUARACI,SP,5
GUARACIABA DOESTE,SP,5
GUARANI D OESTE,SP,5
GUARANTA,SP,5
GUARARAPES,SP,5
GUARAREMA,SP,5
GUARATINGUETA,SP,5
GUAREI,SP,5
GUARIBA,SP,5
GUARIROBA,SP,5
GUARUJA,SP,5
GUARULHOS,SP,5
GUATAPARA,SP,5
GUZOLANDIA,SP,5
HERCULANDIA,SP,5
HOLAMBRA,SP,5
HORTOLANDIA,SP,5
IACANGA,SP,5
IACRI,SP,5
IARAS,SP,5
IBATE,SP,5
IBIRA,SP,5
IBIRAREMA,SP,5
IBITINGA,SP,5
IBITIUVA,SP,5
IBIUNA,SP,5
ICEM,SP,5
IEPE,SP,5
IGACABA,SP,5
IGARACU DO TIETE,SP,5
IGARAI,SP,5
IGARAPAVA,SP,5
IGARATA,SP,5
IGUAPE,SP,5
ILHA COMPRIDA,SP,5
ILHA SOLTEIRA,SP,5
ILHABELA,SP,5
INDAIA DO AGUAPEI,SP,5
INDAIATUBA,SP,5
INDIANA,SP,5
INDIAPORA,SP,5
INUBIA PAULISTA,SP,5
IPAUSSU,SP,5
IPERO,SP,5
IPEUNA,SP,5
IPIGUA,SP,5
IPORANGA,SP,5
IPUA,SP,5
IRACEMAPOLIS,SP,5
IRAPUA,SP,5
IRAPURU,SP,5
ITABERA,SP,5
ITAI,SP,5
ITAJOBI,SP,5
ITAJU,SP,5
ITANHAEM,SP,5
ITAOCA,SP,5
ITAPECERICA DA SERRA,SP,5
ITAPETININGA,SP,5
ITAPEVA,SP,5
ITAPEVI,SP,5
ITAPIRA,SP,5
ITAPIRAPUA PAULISTA,SP,5
ITAPOLIS,SP,5
ITAPORANGA,SP,5
ITAPUI,SP,5
ITAPURA,SP,5
ITAQUAQUECETUBA,SP,5
ITARARE,SP,5
ITARIRI,SP,5
ITATIBA,SP,5
ITATINGA,SP,5
ITIRAPINA,SP,5
ITIRAPUA,SP,5
ITOBI,SP,5
ITORORO DO PARANAPANEMA,SP,5
ITU,SP,5
ITUPEVA,SP,5
ITUVERAVA,SP,5
IUBATINGA,SP,5
JABORANDI,SP,5
JABOTICABAL,SP,5
JACAREI,SP,5
JACI,SP,5
JACIPORA,SP,5
JACUBA,SP,5
JACUPIRANGA,SP,5
JAFA,SP,5
JAGUARIUNA,SP,5
JALES,SP,5
JAMAICA,SP,5
JAMBEIRO,SP,5
JANDIRA,SP,5
JARDINOPOLIS,SP,5
JARINU,SP,5
JATOBA,SP,5
JAU,SP,5
JERIQUARA,SP,5
JOANOPOLIS,SP,5
JOAO RAMALHO,SP,5
JOSE BONIFACIO,SP,5
JULIO MESQUITA,SP,5
JUMIRIM,SP,5
JUNDIAI,SP,5
JUNQUEIROPOLIS,SP,5
JUQUIA,SP,5
JUQUITIBA,SP,5
JURUCE,SP,5
LAGOA AZUL,SP,5
LAGOINHA,SP,5
LARANJAL PAULISTA,SP,5
LAVINIA,SP,5
LAVRINHAS,SP,5
LEME,SP,5
LENCOIS PAULISTA,SP,5
LIMEIRA,SP,5
LINDOIA,SP,5
LINS,SP,5
LORENA,SP,5
LOURDES,SP,5
LOUVEIRA,SP,5
LUCELIA,SP,5
LUCIANOPOLIS,SP,5
LUIS ANTONIO,SP,5
LUIZIANIA,SP,5
LUPERCIO,SP,5
LUTECIA,SP,5
MACATUBA,SP,5
MACAUBAL,SP,5
MACEDONIA,SP,5
MAGDA,SP,5
MAIRINQUE,SP,5
MAIRIPORA,SP,5
MANDURI,SP,5
MARABA PAULISTA,SP,5
MARACAI,SP,5
MARAPOAMA,SP,5
MARCONDESIA,SP,5
MARIAPOLIS,SP,5
MARILIA,SP,5
MARINOPOLIS,SP,5
MARTINOPOLIS,SP,5
MATAO,SP,5
MAUA,SP,5
MENDONCA,SP,5
MERIDIANO,SP,5
MESOPOLIS,SP,5
MIGUELOPOLIS,SP,5
MINEIROS DO TIETE,SP,5
MIRA ESTRELA,SP,5
MIRACATU,SP,5
MIRANDOPOLIS,SP,5
MIRANTE DO PARANAPANEMA,SP,5
MIRASSOL,SP,5
MIRASSOLANDIA,SP,5
MOCOCA,SP,5
MOGI DAS CRUZES,SP,5
MOGI GUACU,SP,5
MOGI MIRIM,SP,5
MOMBUCA,SP,5
MONCOES,SP,5
MONGAGUA,SP,5
MONTALVAO,SP,5
MONTE ALEGRE DO SUL,SP,5
MONTE ALTO,SP,5
MONTE APRAZIVEL,SP,5
MONTE AZUL PAULISTA,SP,5
MONTE CASTELO,SP,5
MONTE MOR,SP,5
MONTE VERDE PAULISTA,SP,5
MONTEIRO LOBATO,SP,5
MORRO AGUDO,SP,5
MORUNGABA,SP,5
MOTUCA,SP,5
MURUTINGA DO SUL,SP,5
NANTES,SP,5
NARANDIBA,SP,5
NATIVIDADE DA SERRA,SP,5
NAZARE PAULISTA,SP,5
NEVES PAULISTA,SP,5
NHANDEARA,SP,5
NIPOA,SP,5
NOVA ALIANCA,SP,5
NOVA CAMPINA,SP,5
NOVA CANAA PAULISTA,SP,5
NOVA CASTILHO,SP,5
NOVA EUROPA,SP,5
NOVA GRANADA,SP,5
NOVA GUATAPORANGA,SP,5
NOVA INDEPENDENCIA,SP,5
NOVA ITAPIREMA,SP,5
NOVA LUZITANIA,SP,5
NOVA ODESSA,SP,5
NOVA PATRIA,SP,5
NOVAIS,SP,5
NOVO HORIZONTE,SP,5
NUPORANGA,SP,5
OASIS,SP,5
OCAUCU,SP,5
OLEO,SP,5
OLIMPIA,SP,5
ONDA VERDE,SP,5
ORIENTE,SP,5
ORINDIUVA,SP,5
ORLANDIA,SP,5
OSASCO,SP,5
OSCAR BRESSANE,SP,5
OSVALDO CRUZ,SP,5
OURINHOS,SP,5
OURO VERDE,SP,5
OUROESTE,SP,5
PACAEMBU,SP,5
PADRE NOBREGA,SP,5
PALESTINA,SP,5
PALMARES PAULISTA,SP,5
PALMEIRA D OESTE,SP,5
PALMITAL,SP,5
PANORAMA,SP,5
PARAGUACU PAULISTA,SP,5
PARAIBUNA,SP,5
PARAISO,SP,5
PARANAPANEMA,SP,5
PARANAPUA,SP,5
PARAPUA,SP,5
PARDINHO,SP,5
PARIQUERA-ACU,SP,5
PARISI,SP,5
PATROCINIO PAULISTA,SP,5
PAULICEIA,SP,5
PAULINIA,SP,5
PAULISTANIA,SP,5
PAULO DE FARIA,SP,5
PEDERNEIRAS,SP,5
PEDRA BELA,SP,5
PEDRANOPOLIS,SP,5
PEDREGULHO,SP,5
PEDREIRA,SP,5
PEDRINHAS PAULISTA,SP,5
PEDRO BARROS,SP,5
PEDRO DE TOLEDO,SP,5
PENAPOLIS,SP,5
PEREIRA BARRETO,SP,5
PEREIRAS,SP,5
PERUIBE,SP,5
PIACATU,SP,5
PIEDADE,SP,5
PILAR DO SUL,SP,5
PINDAMONHANGABA,SP,5
PINDORAMA,SP,5
PINHALZINHO,SP,5
PIONEIROS,SP,5
PIQUEROBI,SP,5
PIQUETE,SP,5
PIRACAIA,SP,5
PIRACICABA,SP,5
PIRAJU,SP,5
PIRAJUI,SP,5
PIRANGI,SP,5
PIRAPORA DO BOM JESUS,SP,5
PIRAPOZINHO,SP,5
PIRASSUNUNGA,SP,5
PIRATININGA,SP,5
PITANGUEIRAS,SP,5
PLANALTO,SP,5
PLANALTO DO SUL,SP,5
PLATINA,SP,5
POA,SP,5
POLONI,SP,5
POMPEIA,SP,5
PONGAI,SP,5
PONTAL,SP,5
PONTALINDA,SP,5
PONTES GESTAL,SP,5
POPULINA,SP,5
PORANGABA,SP,5
PORTO FELIZ,SP,5
PORTO FERREIRA,SP,5
POTIM,SP,5
POTIRENDABA,SP,5
POTUNDUVA,SP,5
PRACINHA,SP,5
PRADOPOLIS,SP,5
PRAIA GRANDE,SP,5
PRATANIA,SP,5
PRESIDENTE ALVES,SP,5
PRESIDENTE BERNARDES,SP,5
PRESIDENTE EPITACIO,SP,5
PRESIDENTE PRUDENTE,SP,5
PRESIDENTE VENCESLAU,SP,5
PRIMAVERA,SP,5
PROMISSAO,SP,5
QUADRA,SP,5
QUATA,SP,5
QUEIROZ,SP,5
QUELUZ,SP,5
QUINTANA,SP,5
RAFARD,SP,5
RANCHARIA,SP,5
REDENCAO DA SERRA,SP,5
REGENTE FEIJO,SP,5
REGINOPOLIS,SP,5
REGISTRO,SP,5
RESTINGA,SP,5
RIBEIRA,SP,5
RIBEIRAO BONITO,SP,5
RIBEIRAO BRANCO,SP,5
RIBEIRAO CORRENTE,SP,5
RIBEIRAO DOS INDIOS,SP,5
RIBEIRAO GRANDE,SP,5
RIBEIRAO PIRES,SP,5
RIBEIRAO PRETO,SP,5
RIFAINA,SP,5
RINCAO,SP,5
RINOPOLIS,SP,5
RIO CLARO,SP,5
RIO DAS PEDRAS,SP,5
RIO GRANDE DA SERRA,SP,5
RIOLANDIA,SP,5
RIVERSUL,SP,5
ROSANA,SP,5
ROSEIRA,SP,5
RUBIACEA,SP,5
RUBIAO JUNIOR,SP,5
RUBINEIA,SP,5
SABINO,SP,5
SAGRES,SP,5
SALES,SP,5
SALES OLIVEIRA,SP,5
SALESOPOLIS,SP,5
SALMOURAO,SP,5
SALTINHO,SP,5
SALTO,SP,5
SALTO DE PIRAPORA,SP,5
SALTO GRANDE,SP,5
SANDOVALINA,SP,5
SANTA ADELIA,SP,5
SANTA ALBERTINA,SP,5
SANTA BARBARA D OESTE,SP,5
SANTA BRANCA,SP,5
SANTA CLARA D OESTE,SP,5
SANTA CRUZ DA CONCEICAO,SP,5
SANTA CRUZ DA ESPERANCA,SP,5
SANTA CRUZ DAS PALMEIRAS,SP,5
SANTA CRUZ DO RIO PARDO,SP,5
SANTA ERNESTINA,SP,5
SANTA FE DO SUL,SP,5
SANTA GERTRUDES,SP,5
SANTA ISABEL,SP,5
SANTA LUCIA,SP,5
SANTA MARIA DA SERRA,SP,5
SANTA MERCEDES,SP,5
SANTA RITA D OESTE,SP,5
SANTA RITA DO PASSA QUATRO,SP,5
SANTA ROSA DE VITERBO,SP,5
SANTA SALETE,SP,5
SANTANA DA PONTE PENSA,SP,5
SANTANA DE PARNAIBA,SP,5
SANTELMO,SP,5
SANTO ANASTACIO,SP,5
SANTO ANDRE,SP,5
SANTO ANTONIO DA ALEGRIA,SP,5
SANTO ANTONIO DE POSSE,SP,5
SANTO ANTONIO DO ARACANGUA,SP,5
SANTO ANTONIO DO JARDIM,SP,5
SANTO ANTONIO DO PINHAL,SP,5
SANTO EXPEDITO,SP,5
SANTOPOLIS DO AGUAPEI,SP,5
SANTOS,SP,5
SAO BENEDITO DA CACHOEIRINHA,SP,5
SAO BENEDITO DAS AREIAS,SP,5
SAO BENTO DO SAPUCAI,SP,5
SAO BERNARDO DO CAMPO,SP,5
SAO CAETANO DO SUL,SP,5
SAO CARLOS,SP,5
SAO FRANCISCO,SP,5
SAO FRANCISCO XAVIER,SP,5
SAO JOAO DA BOA VISTA,SP,5
SAO JOAO DAS DUAS PONTES,SP,5
SAO JOAO DE IRACEMA,SP,5
SAO JOAO DO PAU D ALHO,SP,5
SAO JOAQUIM DA BARRA,SP,5
SAO JOSE DA BELA VISTA,SP,5
SAO JOSE DAS LARANJEIRAS,SP,5
SAO JOSE DO BARREIRO,SP,5
SAO JOSE DO RIO PARDO,SP,5
SAO JOSE DO RIO PRETO,SP,5
SAO JOSE DOS CAMPOS,SP,5
SAO LOURENCO DA SERRA,SP,5
SAO LOURENCO DO TURVO,SP,5
SAO LUIZ DO PARAITINGA,SP,5
SAO MANUEL,SP,5
SAO MIGUEL ARCANJO,SP,5
SAO PAULO,SP,2
SAO PEDRO,SP,5
SAO PEDRO DO TURVO,SP,5
SAO ROQUE,SP,5
SAO SEBASTIAO,SP,5
SAO SEBASTIAO DA GRAMA,SP,5
SAO SIMAO,SP,5
SAO VICENTE,SP,5
SARAPUI,SP,5
SARUTAIA,SP,5
SEBASTIANOPOLIS DO SUL,SP,5
SERRA AZUL,SP,5
SERRA NEGRA,SP,5
SERRANA,SP,5
SERTAOZINHO,SP,5
SETE BARRAS,SP,5
SEVERINIA,SP,5
SILVEIRAS,SP,5
SIMONSEN,SP,5
SOCORRO,SP,5
SOROCABA,SP,5
SUD MENNUCCI,SP,5
SUMARE,SP,5
SUSSUI,SP,5
SUZANAPOLIS,SP,5
SUZANO,SP,5
TABAPUA,SP,5
TABATINGA,SP,5
TABOAO DA SERRA,SP,5
TACIBA,SP,5
TAGUAI,SP,5
TAIACU,SP,5
TAIUVA,SP,5
TALHADO,SP,5
TAMBAU,SP,5
TANABI,SP,5
TAPIRAI,SP,5
TAPIRATIBA,SP,5
TAQUARAL,SP,5
TAQUARITINGA,SP,5
TAQUARITUBA,SP,5
TAQUARIVAI,SP,5
TARABAI,SP,5
TARUMA,SP,5
TATUI,SP,5
TAUBATE,SP,5
TECAINDA,SP,5
TEJUPA,SP,5
TEODORO SAMPAIO,SP,5
TERRA ROXA,SP,5
TIETE,SP,5
TIMBURI,SP,5
TORRE DE PEDRA,SP,5
TORRINHA,SP,5
TRABIJU,SP,5
TREMEMBE,SP,5
TRES FRONTEIRAS,SP,5
TUIUTI,SP,5
TUPA,SP,5
TUPI PAULISTA,SP,5
TURIUBA,SP,5
TURMALINA,SP,5
UBARANA,SP,5
UBATUBA,SP,5
UBIRAJARA,SP,5
UCHOA,SP,5
UNIAO PAULISTA,SP,5
URANIA,SP,5
URU,SP,5
URUPES,SP,5
VALENTIM GENTIL,SP,5
VALINHOS,SP,5
VALPARAISO,SP,5
VANGLORIA,SP,5
VARGEM,SP,5
VARGEM GRANDE DO SUL,SP,5
VARGEM GRANDE PAULISTA,SP,5
VARPA,SP,5
VARZEA PAULISTA,SP,5
VERA CRUZ,SP,5
VINHEDO,SP,5
VIRADOURO,SP,5
VISTA ALEGRE DO ALTO,SP,5
VITORIA BRASIL,SP,5
VOTORANTIM,SP,5
VOTUPORANGA,SP,5
ZACARIAS,SP,5
